-- phpMyAdmin SQL Dump
-- version 5.2.1
-- https://www.phpmyadmin.net/
--
-- Host: 127.0.0.1
-- Generation Time: Apr 25, 2026 at 03:59 AM
-- Server version: 10.4.32-MariaDB
-- PHP Version: 8.2.12

SET SQL_MODE = "NO_AUTO_VALUE_ON_ZERO";
START TRANSACTION;
SET time_zone = "+00:00";


/*!40101 SET @OLD_CHARACTER_SET_CLIENT=@@CHARACTER_SET_CLIENT */;
/*!40101 SET @OLD_CHARACTER_SET_RESULTS=@@CHARACTER_SET_RESULTS */;
/*!40101 SET @OLD_COLLATION_CONNECTION=@@COLLATION_CONNECTION */;
/*!40101 SET NAMES utf8mb4 */;

--
-- Database: `crm_checklist`
--

-- --------------------------------------------------------

--
-- Table structure for table `batches`
--

CREATE TABLE `batches` (
  `id` int(11) NOT NULL,
  `name` varchar(255) NOT NULL,
  `workflow_name` varchar(255) DEFAULT '',
  `assigned_to` varchar(255) DEFAULT '',
  `organization` varchar(255) DEFAULT '',
  `casino_name` varchar(255) DEFAULT '',
  `campaign_dates` varchar(255) DEFAULT '',
  `created_at` timestamp NOT NULL DEFAULT current_timestamp(),
  `updated_at` timestamp NOT NULL DEFAULT current_timestamp() ON UPDATE current_timestamp(),
  `tag_id` int(11) DEFAULT NULL
) ENGINE=InnoDB DEFAULT CHARSET=utf8mb4 COLLATE=utf8mb4_general_ci;

--
-- Dumping data for table `batches`
--

INSERT INTO `batches` (`id`, `name`, `workflow_name`, `assigned_to`, `organization`, `casino_name`, `campaign_dates`, `created_at`, `updated_at`, `tag_id`) VALUES
(3, 'JACKSON ACTIVATION SEQUENCE', '', '', '', '', '', '2026-03-15 00:45:27', '2026-03-16 00:58:58', 1),
(4, 'JACKSON ACTIVATION REMINDER', '', '', '', '', '', '2026-03-15 01:06:44', '2026-03-16 00:51:37', 1),
(5, 'PAUMA ACTIVATION SEQUENCE', '', '', '', '', '', '2026-03-15 02:06:01', '2026-03-16 00:51:30', 1),
(6, 'PAUMA ACTIVATION REMINDER', '', '', '', '', '', '2026-03-15 02:15:28', '2026-03-16 00:51:25', 1),
(7, 'SOBOBA ACTIVATION SEQUENCE', '', '', '', '', '', '2026-03-15 21:15:43', '2026-03-16 00:51:13', 1),
(8, 'SOBOBA REMINDER SEQUENCE', '', '', '', '', '', '2026-03-15 21:27:40', '2026-03-18 00:58:23', 7),
(24, 'OHKAY ACTIVATION SEQUENCE', '', '', '', '', '', '2026-03-18 18:40:35', '2026-03-18 18:40:35', NULL),
(25, 'OHKAY REMINDER SEQUENCE', '', '', '', '', '', '2026-03-18 19:14:43', '2026-03-18 19:14:43', NULL),
(26, 'PARAGON ACTIVATION SEQUENCE', '', '', '', '', '', '2026-03-18 20:20:42', '2026-03-18 20:20:42', NULL),
(27, 'PARAGON ACTIVATION REMINDER', '', '', '', '', '', '2026-03-18 20:29:03', '2026-03-18 20:29:03', NULL),
(28, 'GUNLALE ACTIVATION SEQUNCE', '', '', '', '', '', '2026-03-19 19:07:46', '2026-03-19 19:07:46', NULL),
(29, 'GUN LAKE ACTIVATION REMINDER', '', '', '', '', '', '2026-03-22 16:56:13', '2026-03-22 16:56:13', NULL),
(31, 'SOBOBA ACTIVATION SEQUENCE', '', '', '', '', '', '2026-04-11 21:30:41', '2026-04-11 21:30:41', NULL),
(32, 'SOBOBA REMINDER SEQUENCE', '', '', '', '', '', '2026-04-11 21:46:10', '2026-04-11 21:46:10', NULL),
(33, 'PARAGON ACTIVATION SEQUENCE', '', '', '', '', '', '2026-04-11 21:59:26', '2026-04-11 21:59:26', NULL),
(35, 'PARAGON ACTIVATION REMINDER', '', '', '', '', '', '2026-04-11 22:09:50', '2026-04-11 22:09:50', NULL),
(36, 'PAUMA ACTIVATION SEQUENCE', '', '', '', '', '', '2026-04-11 22:50:48', '2026-04-11 22:50:48', NULL),
(37, 'PAUMA REMINDER SEQUENCE', '', '', '', '', '', '2026-04-11 22:57:36', '2026-04-11 22:57:36', NULL),
(38, 'SEMINOLE ACTIVATION SEQUENCE', '', '', '', '', '', '2026-04-11 23:07:25', '2026-04-11 23:07:25', NULL),
(39, 'SEMINOLE ACTIVATION REMINDER', '', '', '', '', '', '2026-04-11 23:12:07', '2026-04-11 23:12:07', NULL),
(40, 'INDIGO ACTIVATION SEQUENCE', '', '', '', '', '', '2026-04-22 20:14:50', '2026-04-22 20:14:50', NULL),
(41, 'INDIGO REMINDER SEQUENCE', '', '', '', '', '', '2026-04-22 21:02:04', '2026-04-22 21:02:04', NULL),
(42, 'ANGEL ACTIVATION SEQUENCE', '', '', '', '', '', '2026-04-22 21:17:16', '2026-04-22 21:17:16', NULL),
(43, 'ANGEL ACTIVATION REMINDER', '', '', '', '', '', '2026-04-22 21:36:40', '2026-04-22 21:36:40', NULL),
(44, 'TWOKINGS ACTIVATION SEQUENCE', '', '', '', '', '', '2026-04-23 16:32:26', '2026-04-23 16:32:26', NULL),
(45, 'TWOKINGS REMINDER SEQUENCE', '', '', '', '', '', '2026-04-23 17:27:03', '2026-04-23 17:27:03', NULL),
(47, 'SEMINOLE REMINDER SEQUNCE', '', '', '', '', '', '2026-04-23 18:52:18', '2026-04-23 18:52:18', NULL),
(48, 'PAUMA  ACTIVATION SEQUENCE', '', '', '', '', '', '2026-04-23 19:39:17', '2026-04-23 19:39:17', NULL),
(49, 'PAUMA REMINDER SEQUNCE', '', '', '', '', '', '2026-04-23 19:43:03', '2026-04-23 19:43:03', NULL),
(50, 'PARAGON ACTIVATION SEQUENCE', '', '', '', '', '', '2026-04-24 16:11:41', '2026-04-24 16:11:41', NULL),
(51, 'PARAGON REMINDER SEQUENCE', '', '', '', '', '', '2026-04-24 16:22:26', '2026-04-24 16:22:26', NULL),
(52, 'SOBOBA ACTIVATION SEQUENCE', '', '', '', '', '', '2026-04-24 18:16:06', '2026-04-24 18:16:06', NULL),
(53, 'SOBOBA REMINDER SEQUENCE', '', '', '', '', '', '2026-04-24 18:33:08', '2026-04-24 18:33:08', NULL),
(54, 'SEMINOLE ACTIVATION SEQUENCE', '', '', '', '', '', '2026-04-25 01:47:45', '2026-04-25 01:47:45', NULL);

-- --------------------------------------------------------

--
-- Table structure for table `batch_tags`
--

CREATE TABLE `batch_tags` (
  `id` int(11) NOT NULL,
  `batch_id` int(11) NOT NULL,
  `tag_id` int(11) NOT NULL,
  `created_at` datetime DEFAULT current_timestamp()
) ENGINE=InnoDB DEFAULT CHARSET=utf8mb4 COLLATE=utf8mb4_general_ci;

--
-- Dumping data for table `batch_tags`
--

INSERT INTO `batch_tags` (`id`, `batch_id`, `tag_id`, `created_at`) VALUES
(39, 3, 1, '2026-03-19 00:56:02'),
(40, 3, 7, '2026-03-19 00:56:02'),
(41, 3, 11, '2026-03-19 00:56:02'),
(42, 4, 1, '2026-03-19 00:56:20'),
(43, 4, 7, '2026-03-19 00:56:20'),
(44, 4, 11, '2026-03-19 00:56:20'),
(45, 7, 1, '2026-03-19 00:56:44'),
(46, 7, 7, '2026-03-19 00:56:44'),
(47, 7, 11, '2026-03-19 00:56:44'),
(58, 5, 1, '2026-03-19 03:23:27'),
(59, 5, 7, '2026-03-19 03:23:27'),
(61, 6, 1, '2026-03-19 03:23:44'),
(62, 6, 7, '2026-03-19 03:23:44'),
(64, 25, 1, '2026-03-19 03:50:27'),
(65, 25, 7, '2026-03-19 03:50:27'),
(67, 24, 1, '2026-03-19 03:50:35'),
(68, 24, 7, '2026-03-19 03:50:35'),
(72, 8, 1, '2026-03-19 05:57:43'),
(73, 8, 7, '2026-03-19 05:57:43'),
(74, 8, 11, '2026-03-19 05:57:43'),
(75, 26, 1, '2026-03-19 06:39:57'),
(76, 26, 7, '2026-03-19 06:39:57'),
(78, 27, 1, '2026-03-19 06:40:11'),
(79, 27, 7, '2026-03-19 06:40:11'),
(85, 28, 1, '2026-03-20 04:14:38'),
(86, 28, 7, '2026-03-20 04:14:38'),
(88, 29, 1, '2026-03-23 01:00:31'),
(89, 29, 7, '2026-03-23 01:00:31'),
(91, 31, 3, '2026-04-12 05:31:03'),
(92, 31, 11, '2026-04-12 05:31:03'),
(93, 32, 3, '2026-04-12 05:47:21'),
(94, 32, 11, '2026-04-12 05:47:21'),
(95, 33, 3, '2026-04-12 05:59:36'),
(96, 33, 11, '2026-04-12 05:59:36'),
(97, 35, 3, '2026-04-12 06:09:57'),
(98, 35, 11, '2026-04-12 06:09:57'),
(101, 36, 3, '2026-04-12 06:50:55'),
(102, 36, 11, '2026-04-12 06:50:55'),
(103, 37, 3, '2026-04-12 06:57:43'),
(104, 37, 11, '2026-04-12 06:57:43'),
(105, 38, 3, '2026-04-12 07:07:32'),
(106, 38, 11, '2026-04-12 07:07:32'),
(107, 39, 3, '2026-04-12 07:12:12'),
(108, 39, 11, '2026-04-12 07:12:12'),
(120, 43, 3, '2026-04-23 23:07:32'),
(121, 43, 11, '2026-04-23 23:07:32'),
(122, 40, 12, '2026-04-23 23:07:44'),
(123, 40, 3, '2026-04-23 23:07:44'),
(124, 42, 3, '2026-04-23 23:08:04'),
(125, 42, 11, '2026-04-23 23:08:04'),
(128, 41, 12, '2026-04-24 00:24:56'),
(129, 41, 3, '2026-04-24 00:24:56'),
(130, 44, 12, '2026-04-24 00:32:38'),
(131, 45, 12, '2026-04-24 01:27:09'),
(133, 47, 12, '2026-04-24 02:52:23'),
(134, 48, 12, '2026-04-24 03:39:21'),
(135, 49, 12, '2026-04-24 03:43:06'),
(136, 50, 3, '2026-04-25 00:11:50'),
(137, 50, 11, '2026-04-25 00:11:50'),
(138, 51, 3, '2026-04-25 00:22:33'),
(139, 51, 11, '2026-04-25 00:22:33'),
(140, 52, 12, '2026-04-25 02:16:09'),
(141, 53, 12, '2026-04-25 02:33:11'),
(142, 54, 12, '2026-04-25 09:47:50');

-- --------------------------------------------------------

--
-- Table structure for table `items`
--

CREATE TABLE `items` (
  `id` int(11) NOT NULL,
  `batch_id` int(11) NOT NULL,
  `name` varchar(255) NOT NULL,
  `label` varchar(100) NOT NULL,
  `item_date` date NOT NULL,
  `item_time` time DEFAULT '10:00:00',
  `checked` tinyint(1) DEFAULT 0,
  `time_ok` tinyint(1) DEFAULT 0,
  `crm_ok` tinyint(1) DEFAULT 0,
  `sort_order` int(11) DEFAULT 0,
  `created_at` timestamp NOT NULL DEFAULT current_timestamp(),
  `updated_at` timestamp NOT NULL DEFAULT current_timestamp() ON UPDATE current_timestamp()
) ENGINE=InnoDB DEFAULT CHARSET=utf8mb4 COLLATE=utf8mb4_general_ci;

--
-- Dumping data for table `items`
--

INSERT INTO `items` (`id`, `batch_id`, `name`, `label`, `item_date`, `item_time`, `checked`, `time_ok`, `crm_ok`, `sort_order`, `created_at`, `updated_at`) VALUES
(1851, 3, 'W/U Text JKN-0426CT Seq 1', 'Warm Up Text', '2026-03-28', '16:30:00', 1, 1, 1, 0, '2026-03-17 20:15:24', '2026-03-17 20:15:24'),
(1852, 3, 'Full Seq 1 JKN-0426CT Seq 1', 'Dynamic Call', '2026-03-28', '17:00:00', 1, 1, 1, 0, '2026-03-17 20:15:24', '2026-03-17 20:15:24'),
(1853, 3, 'Spec Text  1 JKN-0426CT Seq 2', 'Special Text', '2026-03-29', '10:00:00', 1, 1, 1, 0, '2026-03-17 20:15:24', '2026-03-17 20:15:24'),
(1854, 3, 'Full Seq 2 JKN-0426CT Seq 3', 'Dynamic Call', '2026-03-30', '17:00:00', 1, 1, 1, 0, '2026-03-17 20:15:24', '2026-03-17 20:15:24'),
(1855, 3, 'Spec Text  2 JKN-0426CT Seq 4', 'Special Text', '2026-03-31', '10:00:00', 1, 1, 1, 0, '2026-03-17 20:15:24', '2026-03-17 20:15:24'),
(1856, 3, 'Full Seq 3 JKN-0426CT Seq 5', 'Dynamic Call', '2026-04-05', '17:00:00', 1, 1, 1, 0, '2026-03-17 20:15:24', '2026-03-17 20:15:24'),
(1857, 3, 'Full Seq 3 JKN-0426CT Seq 6', 'Dynamic Call', '2026-04-12', '17:00:00', 1, 1, 1, 0, '2026-03-17 20:15:24', '2026-03-17 20:15:24'),
(1858, 3, 'Full Seq 3 JKN-0426CT Seq 7', 'Dynamic Call', '2026-04-19', '17:00:00', 1, 1, 1, 0, '2026-03-17 20:15:24', '2026-03-17 20:15:24'),
(2135, 4, 'Rem1 Call JKN-0426CT', 'Call Reminder', '2026-04-01', '17:00:00', 1, 1, 1, 0, '2026-03-17 21:16:06', '2026-03-17 21:16:06'),
(2136, 4, 'Rem1 Text1 JKN-0426CT', 'Text Reminder', '2026-04-02', '10:00:00', 1, 1, 1, 0, '2026-03-17 21:16:06', '2026-03-17 21:16:06'),
(2137, 4, 'Rem1 Text2 JKN-0426CT', 'Text Reminder', '2026-04-03', '10:00:00', 1, 1, 1, 0, '2026-03-17 21:16:06', '2026-03-17 21:16:06'),
(2138, 4, 'Rem2 Call JKN-0426CT', 'Call Reminder', '2026-04-08', '17:00:00', 1, 1, 1, 0, '2026-03-17 21:16:06', '2026-03-17 21:16:06'),
(2139, 4, 'Rem2 Text1 JKN-0426CT', 'Text Reminder', '2026-04-09', '10:00:00', 1, 1, 1, 0, '2026-03-17 21:16:06', '2026-03-17 21:16:06'),
(2140, 4, 'Rem2 Text2 JKN-0426CT', 'Text Reminder', '2026-04-10', '10:00:00', 1, 1, 1, 0, '2026-03-17 21:16:06', '2026-03-17 21:16:06'),
(2141, 4, 'Rem3 Call JKN-0426CT', 'Call Reminder', '2026-04-15', '17:00:00', 1, 1, 1, 0, '2026-03-17 21:16:06', '2026-03-17 21:16:06'),
(2142, 4, 'Rem3 Text1 JKN-0426CT', 'Text Reminder', '2026-04-16', '10:00:00', 1, 1, 1, 0, '2026-03-17 21:16:06', '2026-03-17 21:16:06'),
(2143, 4, 'Rem3 Text2 JKN-0426CT', 'Text Reminder', '2026-04-17', '10:00:00', 1, 1, 1, 0, '2026-03-17 21:16:06', '2026-03-17 21:16:06'),
(2144, 4, 'Rem4 Call JKN-0426CT', 'Call Reminder', '2026-04-22', '17:00:00', 1, 1, 1, 0, '2026-03-17 21:16:06', '2026-03-17 21:16:06'),
(2145, 4, 'Rem4 Text1 JKN-0426CT', 'Text Reminder', '2026-04-23', '10:00:00', 1, 1, 1, 0, '2026-03-17 21:16:06', '2026-03-17 21:16:06'),
(2146, 4, 'Rem4 Text2 JKN-0426CT', 'Text Reminder', '2026-04-24', '10:00:00', 1, 1, 1, 0, '2026-03-17 21:16:06', '2026-03-17 21:16:06'),
(2820, 7, 'W/U Text SOB-0426CT Seq 1', 'Warm Up Text', '2026-04-02', '16:30:00', 1, 1, 1, 0, '2026-03-18 00:56:33', '2026-03-18 00:56:33'),
(2821, 7, 'Full Seq 1 SOB-0426CT Seq 1', 'Dynamic Call', '2026-04-02', '17:00:00', 1, 1, 1, 0, '2026-03-18 00:56:33', '2026-03-18 00:56:33'),
(2822, 7, 'Spec Text 1 SOB-0426CT Seq 2', 'Special Text', '2026-04-03', '17:00:00', 1, 1, 1, 0, '2026-03-18 00:56:33', '2026-03-18 00:56:33'),
(2823, 7, 'Full Seq 2 SOB-0426CT Seq 3', 'Dynamic Call', '2026-04-04', '17:00:00', 1, 1, 1, 0, '2026-03-18 00:56:33', '2026-03-18 00:56:33'),
(2824, 7, 'Full Seq Wk2 SOB-0426CT Seq 4', 'Dynamic Call', '2026-04-10', '17:00:00', 1, 1, 1, 0, '2026-03-18 00:56:33', '2026-03-18 00:56:33'),
(2825, 7, 'Full Seq Wk3 SOB-0426CT Seq 5', 'Dynamic Call', '2026-04-17', '17:00:00', 1, 1, 1, 0, '2026-03-18 00:56:33', '2026-03-18 00:56:33'),
(2826, 7, 'Full Seq Wk4 SOB-0426CT Seq6', 'Dynamic Call', '2026-04-24', '17:00:00', 1, 1, 1, 0, '2026-03-18 00:56:33', '2026-03-18 00:56:33'),
(2881, 8, 'Rem1 Call SOB-0426CT', 'Call Reminder', '2026-04-05', '17:00:00', 1, 1, 1, 0, '2026-03-18 03:01:17', '2026-03-18 03:01:17'),
(2882, 8, 'Rem1 Text1 SOB-0426CT', 'Text Reminder', '2026-04-06', '10:00:00', 1, 1, 1, 0, '2026-03-18 03:01:17', '2026-03-18 03:01:17'),
(2883, 8, 'Rem1 Text2 SOB-0426CT', 'Text Reminder', '2026-04-07', '10:00:00', 1, 1, 1, 0, '2026-03-18 03:01:17', '2026-03-18 03:01:17'),
(2884, 8, 'Rem1 Text3 SOB-0426CT', 'Text Reminder', '2026-04-08', '10:00:00', 1, 1, 1, 0, '2026-03-18 03:01:17', '2026-03-18 03:01:17'),
(2885, 8, 'Rem2 Call SOB-0426CT', 'Call Reminder', '2026-04-12', '17:00:00', 1, 1, 1, 0, '2026-03-18 03:01:17', '2026-03-18 03:01:17'),
(2886, 8, 'Rem2 Text1 SOB-0426CT', 'Text Reminder', '2026-04-13', '10:00:00', 1, 1, 1, 0, '2026-03-18 03:01:17', '2026-03-18 03:01:17'),
(2887, 8, 'Rem2 Text2 SOB-0426CT', 'Text Reminder', '2026-04-14', '10:00:00', 1, 1, 1, 0, '2026-03-18 03:01:17', '2026-03-18 03:01:17'),
(2888, 8, 'Rem2 Text3 SOB-0426CT', 'Text Reminder', '2026-04-15', '10:00:00', 1, 1, 1, 0, '2026-03-18 03:01:17', '2026-03-18 03:01:17'),
(2889, 8, 'Rem3 Call SOB-0426CT', 'Call Reminder', '2026-04-19', '17:00:00', 1, 1, 1, 0, '2026-03-18 03:01:17', '2026-03-18 03:01:17'),
(2890, 8, 'Rem3 Text1 SOB-0426CT', 'Text Reminder', '2026-04-20', '10:00:00', 1, 1, 1, 0, '2026-03-18 03:01:17', '2026-03-18 03:01:17'),
(2891, 8, 'Rem3 Text2 SOB-0426CT', 'Text Reminder', '2026-04-21', '10:00:00', 1, 1, 1, 0, '2026-03-18 03:01:17', '2026-03-18 03:01:17'),
(2892, 8, 'Rem3 Text3 SOB-0426CT', 'Text Reminder', '2026-04-22', '10:00:00', 1, 1, 1, 0, '2026-03-18 03:01:17', '2026-03-18 03:01:17'),
(2893, 8, 'Rem4 Call SOB-0426CT', 'Call Reminder', '2026-04-26', '17:00:00', 1, 1, 1, 0, '2026-03-18 03:01:17', '2026-03-18 03:01:17'),
(2894, 8, 'Rem4 Text1 SOB-0426CT', 'Text Reminder', '2026-04-27', '10:00:00', 1, 1, 1, 0, '2026-03-18 03:01:17', '2026-03-18 03:01:17'),
(2895, 8, 'Rem4 Text2 SOB-0426CT', 'Text Reminder', '2026-04-28', '10:00:00', 1, 1, 1, 0, '2026-03-18 03:01:17', '2026-03-18 03:01:17'),
(2896, 8, 'Rem4 Text3 SOB-0426CT', 'Text Reminder', '2026-04-29', '10:00:00', 1, 1, 1, 0, '2026-03-18 03:01:17', '2026-03-18 03:01:17'),
(4072, 5, 'W/U Text PMA-0426CT Seq 1', 'Warm Up Text', '2026-04-01', '16:30:00', 1, 1, 1, 0, '2026-03-18 19:07:21', '2026-03-18 19:07:21'),
(4073, 5, 'Full Seq 1 PMA-0426CT Seq 1', 'Dynamic Call', '2026-04-01', '17:00:00', 1, 1, 1, 0, '2026-03-18 19:07:21', '2026-03-18 19:07:21'),
(4074, 5, 'Spec Text 1 PMA-0426CT Seq 2', 'Special Text', '2026-04-02', '10:00:00', 1, 1, 1, 0, '2026-03-18 19:07:21', '2026-03-18 19:07:21'),
(4075, 5, 'Full Seq 2 PMA-0426CT Seq 3', 'Dynamic Call', '2026-04-03', '17:00:00', 1, 1, 1, 0, '2026-03-18 19:07:21', '2026-03-18 19:07:21'),
(4076, 5, 'Full Seq PMA-0426CT Seq 4', 'Dynamic Call', '2026-04-09', '17:00:00', 1, 1, 1, 0, '2026-03-18 19:07:21', '2026-03-18 19:07:21'),
(4077, 5, 'Full Seq PMA-0426CT Seq 5', 'Dynamic Call', '2026-04-16', '17:00:00', 1, 1, 1, 0, '2026-03-18 19:07:21', '2026-03-18 19:07:21'),
(4078, 5, 'Full Seq PMA-0426CT Seq 6', 'Dynamic Call', '2026-04-23', '17:00:00', 1, 1, 1, 0, '2026-03-18 19:07:21', '2026-03-18 19:07:21'),
(4319, 6, 'Rem1 Call PMA-0426CT', 'Call Reminder', '2026-04-04', '17:00:00', 1, 1, 1, 0, '2026-03-18 19:07:36', '2026-03-18 19:07:36'),
(4320, 6, 'Rem1 Text1 PMA-0426CT', 'Text Reminder', '2026-04-05', '10:00:00', 1, 1, 1, 0, '2026-03-18 19:07:36', '2026-03-18 19:07:36'),
(4321, 6, 'Rem1 Text2 PMA-0426CT', 'Text Reminder', '2026-04-06', '10:00:00', 1, 1, 1, 0, '2026-03-18 19:07:36', '2026-03-18 19:07:36'),
(4322, 6, 'Rem1 Text3 PMA-0426CT', 'Text Reminder', '2026-04-07', '10:00:00', 1, 1, 1, 0, '2026-03-18 19:07:36', '2026-03-18 19:07:36'),
(4323, 6, 'Rem2 Call PMA-0426CT', 'Call Reminder', '2026-04-11', '17:00:00', 1, 1, 1, 0, '2026-03-18 19:07:36', '2026-03-18 19:07:36'),
(4324, 6, 'Rem2 Text1 PMA-0426CT', 'Text Reminder', '2026-04-12', '10:00:00', 1, 1, 1, 0, '2026-03-18 19:07:36', '2026-03-18 19:07:36'),
(4325, 6, 'Rem2 Text2 PMA-0426CT', 'Text Reminder', '2026-04-13', '10:00:00', 1, 1, 1, 0, '2026-03-18 19:07:36', '2026-03-18 19:07:36'),
(4326, 6, 'Rem2 Text3 PMA-0426CT', 'Text Reminder', '2026-04-14', '10:00:00', 1, 1, 1, 0, '2026-03-18 19:07:36', '2026-03-18 19:07:36'),
(4327, 6, 'Rem3 Call PMA-0426CT', 'Call Reminder', '2026-04-18', '17:00:00', 1, 1, 1, 0, '2026-03-18 19:07:36', '2026-03-18 19:07:36'),
(4328, 6, 'Rem3 Text1 PMA-0426CT', 'Text Reminder', '2026-04-19', '10:00:00', 1, 1, 1, 0, '2026-03-18 19:07:36', '2026-03-18 19:07:36'),
(4329, 6, 'Rem3 Text2 PMA-0426CT', 'Text Reminder', '2026-04-20', '10:00:00', 1, 1, 1, 0, '2026-03-18 19:07:36', '2026-03-18 19:07:36'),
(4330, 6, 'Rem3 Text3 PMA-0426CT', 'Text Reminder', '2026-04-21', '10:00:00', 1, 1, 1, 0, '2026-03-18 19:07:36', '2026-03-18 19:07:36'),
(4331, 6, 'Rem4 Call PMA-0426CT', 'Call Reminder', '2026-04-25', '17:00:00', 1, 1, 1, 0, '2026-03-18 19:07:36', '2026-03-18 19:07:36'),
(4332, 6, 'Rem4 Text1 PMA-0426CT', 'Text Reminder', '2026-04-26', '10:00:00', 1, 1, 1, 0, '2026-03-18 19:07:36', '2026-03-18 19:07:36'),
(4333, 6, 'Rem4 Text2 PMA-0426CT', 'Text Reminder', '2026-04-27', '10:00:00', 1, 1, 1, 0, '2026-03-18 19:07:36', '2026-03-18 19:07:36'),
(4334, 6, 'Rem4 Text3 PMA-0426CT', 'Text Reminder', '2026-04-28', '10:00:00', 1, 1, 1, 0, '2026-03-18 19:07:36', '2026-03-18 19:07:36'),
(4358, 24, 'W/U Text OK-0426CT Seq 1', 'Warm Up Text', '2026-03-29', '16:30:00', 1, 1, 1, 0, '2026-03-18 19:08:55', '2026-03-18 19:08:55'),
(4359, 24, 'Full Seq 1B OK-0426CT Seq 1', 'Dynamic Call', '2026-03-29', '17:00:00', 1, 1, 1, 0, '2026-03-18 19:08:55', '2026-03-18 19:08:55'),
(4360, 24, 'Spec Text 1 OK-0426CT Seq 2', 'Special Text', '2026-03-30', '17:00:00', 1, 1, 1, 0, '2026-03-18 19:08:55', '2026-03-18 19:08:55'),
(4361, 24, 'Full Seq 3 OK-0426CT Seq 3', 'Dynamic Call', '2026-03-31', '17:00:00', 1, 1, 1, 0, '2026-03-18 19:08:55', '2026-03-18 19:08:55'),
(4362, 24, 'Full Seq OK-0426CT Seq 4', 'Dynamic Call', '2026-04-05', '17:00:00', 1, 1, 1, 0, '2026-03-18 19:08:55', '2026-03-18 19:08:55'),
(4363, 24, 'Full Seq OK-0426CT Seq 5', 'Dynamic Call', '2026-04-12', '17:00:00', 1, 1, 1, 0, '2026-03-18 19:08:55', '2026-03-18 19:08:55'),
(4364, 24, 'Full Seq OK-0426CT Seq 6', 'Dynamic Call', '2026-04-19', '17:00:00', 1, 1, 1, 0, '2026-03-18 19:08:55', '2026-03-18 19:08:55'),
(4910, 25, 'Rem1 Call 1 OK-0426CT', 'Call Reminder', '2026-03-31', '17:00:00', 1, 1, 1, 0, '2026-03-18 19:49:12', '2026-03-18 19:49:12'),
(4911, 25, 'Rem1 Text OK-0426CT', 'Text Reminder', '2026-04-01', '10:00:00', 1, 1, 1, 0, '2026-03-18 19:49:12', '2026-03-18 19:49:12'),
(4912, 25, 'Rem1 Text 2 OK-0426CT', 'Text Reminder', '2026-04-04', '10:00:00', 1, 1, 1, 0, '2026-03-18 19:49:12', '2026-03-18 19:49:12'),
(4913, 25, 'Rem2 Call 1 OKY-0426CT', 'Call Reminder', '2026-04-07', '17:00:00', 1, 1, 1, 0, '2026-03-18 19:49:12', '2026-03-18 19:49:12'),
(4914, 25, 'Rem2 Text OK-0426CT', 'Text Reminder', '2026-04-08', '10:00:00', 1, 1, 1, 0, '2026-03-18 19:49:12', '2026-03-18 19:49:12'),
(4915, 25, 'Rem2 Text 2 OK-0426CT', 'Text Reminder', '2026-04-11', '10:00:00', 1, 1, 1, 0, '2026-03-18 19:49:12', '2026-03-18 19:49:12'),
(4916, 25, 'Rem3 Call 1 OK-0426CT', 'Call Reminder', '2026-04-14', '17:00:00', 1, 1, 1, 0, '2026-03-18 19:49:12', '2026-03-18 19:49:12'),
(4917, 25, 'Rem3 Text OK-0426CT', 'Text Reminder', '2026-04-15', '10:00:00', 1, 1, 1, 0, '2026-03-18 19:49:12', '2026-03-18 19:49:12'),
(4918, 25, 'Rem3 Text 2 OK-0426CT', 'Text Reminder', '2026-04-18', '10:00:00', 1, 1, 1, 0, '2026-03-18 19:49:12', '2026-03-18 19:49:12'),
(4919, 25, 'Rem4 Call 1 OK-0426CT', 'Call Reminder', '2026-04-21', '17:00:00', 1, 1, 1, 0, '2026-03-18 19:49:12', '2026-03-18 19:49:12'),
(4920, 25, 'Rem4 Text OK-0426CT', 'Text Reminder', '2026-04-22', '10:00:00', 1, 1, 1, 0, '2026-03-18 19:49:12', '2026-03-18 19:49:12'),
(4921, 25, 'Rem4 Text 2 OK-0426CT', 'Text Reminder', '2026-04-25', '10:00:00', 1, 1, 1, 0, '2026-03-18 19:49:12', '2026-03-18 19:49:12'),
(4978, 26, 'WU Text PGN-0426CT Seq 1', 'Warm Up Text', '2026-04-01', '16:30:00', 1, 1, 1, 0, '2026-03-18 20:21:13', '2026-03-18 20:21:13'),
(4979, 26, 'Full Seq 1 PGN-0426CT Seq 1', 'Dynamic Call', '2026-04-01', '17:00:00', 1, 1, 1, 0, '2026-03-18 20:21:13', '2026-03-18 20:21:13'),
(4980, 26, 'Spec Text 1 PGN-0426CT Seq  2', 'Special Text', '2026-04-02', '17:00:00', 1, 1, 1, 0, '2026-03-18 20:21:13', '2026-03-18 20:21:13'),
(4981, 26, 'Full Seq 2 PGN-0426CT Seq 3', 'Dynamic Call', '2026-04-03', '17:00:00', 1, 1, 1, 0, '2026-03-18 20:21:13', '2026-03-18 20:21:13'),
(4982, 26, 'Full Seq PGN-0426CT Seq 4', 'Dynamic Call', '2026-04-09', '17:00:00', 1, 1, 1, 0, '2026-03-18 20:21:13', '2026-03-18 20:21:13'),
(4983, 26, 'Full Seq PGN-0426CT Seq 5', 'Dynamic Call', '2026-04-16', '17:00:00', 1, 1, 1, 0, '2026-03-18 20:21:13', '2026-03-18 20:21:13'),
(4984, 26, 'Full Seq PGN-0426CT Seq 6', 'Dynamic Call', '2026-04-23', '17:00:00', 1, 1, 1, 0, '2026-03-18 20:21:13', '2026-03-18 20:21:13'),
(4985, 27, 'Rem1 Call PGN-0426CT (All)', 'Call Reminder', '2026-04-04', '17:00:00', 1, 1, 1, 0, '2026-03-18 20:29:03', '2026-03-18 20:29:03'),
(4986, 27, 'Rem1 Text1 PGN-0426CT', 'Text Reminder', '2026-04-05', '10:00:00', 1, 1, 1, 0, '2026-03-18 20:29:03', '2026-03-18 20:29:03'),
(4987, 27, 'Rem1 Text2 PGN-0426CT', 'Text Reminder', '2026-04-06', '10:00:00', 1, 1, 1, 0, '2026-03-18 20:29:03', '2026-03-18 20:29:03'),
(4988, 27, 'Rem1 Text3 PGN-0426CT', 'Text Reminder', '2026-04-07', '10:00:00', 1, 1, 1, 0, '2026-03-18 20:29:03', '2026-03-18 20:29:03'),
(4989, 27, 'Rem2 Call PGN-0426CT', 'Call Reminder', '2026-04-11', '17:00:00', 1, 1, 1, 0, '2026-03-18 20:29:03', '2026-03-18 20:29:03'),
(4990, 27, 'Rem2 Text1 PGN-0426CT', 'Text Reminder', '2026-04-12', '10:00:00', 1, 1, 1, 0, '2026-03-18 20:29:03', '2026-03-18 20:29:03'),
(4991, 27, 'Rem2 Text2 PGN-0426CT', 'Text Reminder', '2026-04-13', '10:00:00', 1, 1, 1, 0, '2026-03-18 20:29:03', '2026-03-18 20:29:03'),
(4992, 27, 'Rem2 Text3 PGN-0426CT', 'Text Reminder', '2026-04-14', '10:00:00', 1, 1, 1, 0, '2026-03-18 20:29:03', '2026-03-18 20:29:03'),
(4993, 27, 'Rem3 Call PGN-0426CT', 'Call Reminder', '2026-04-18', '17:00:00', 1, 1, 1, 0, '2026-03-18 20:29:03', '2026-03-18 20:29:03'),
(4994, 27, 'Rem3 Text1 PGN-0426CT', 'Text Reminder', '2026-04-19', '10:00:00', 1, 1, 1, 0, '2026-03-18 20:29:03', '2026-03-18 20:29:03'),
(4995, 27, 'Rem3 Text2 PGN-0426CT', 'Text Reminder', '2026-04-20', '10:00:00', 1, 1, 1, 0, '2026-03-18 20:29:03', '2026-03-18 20:29:03'),
(4996, 27, 'Rem3 Text3 PGN-0426CT', 'Text Reminder', '2026-04-21', '10:00:00', 1, 1, 1, 0, '2026-03-18 20:29:03', '2026-03-18 20:29:03'),
(4997, 27, 'Rem4 Call PGN-0426CT', 'Call Reminder', '2026-04-25', '17:00:00', 1, 1, 1, 0, '2026-03-18 20:29:03', '2026-03-18 20:29:03'),
(4998, 27, 'Rem4 Text1 PGN-0426CT', 'Text Reminder', '2026-04-26', '10:00:00', 1, 1, 1, 0, '2026-03-18 20:29:03', '2026-03-18 20:29:03'),
(4999, 27, 'Rem4 Text2 PGN-0426CT', 'Text Reminder', '2026-04-27', '10:00:00', 1, 1, 1, 0, '2026-03-18 20:29:03', '2026-03-18 20:29:03'),
(5000, 27, 'Rem4 Text3 PGN-0426CT', 'Text Reminder', '2026-04-28', '10:00:00', 1, 1, 1, 0, '2026-03-18 20:29:03', '2026-03-18 20:29:03'),
(5162, 28, 'W/U Text-GUN0426CT Seq 1', 'Warm Up Text', '2026-03-30', '16:30:00', 1, 1, 1, 0, '2026-03-19 19:18:35', '2026-03-19 19:18:35'),
(5163, 28, 'Full Seq-GUN0426CT Seq 1', 'Dynamic Call', '2026-03-30', '17:00:00', 1, 1, 1, 0, '2026-03-19 19:18:35', '2026-03-19 19:18:35'),
(5164, 28, 'Full Seq-GUN0426CT Seq 2', 'Dynamic Call', '2026-03-31', '17:00:00', 1, 1, 1, 0, '2026-03-19 19:18:35', '2026-03-19 19:18:35'),
(5165, 28, 'Full Seq-GUN0426CT Seq 3', 'Dynamic Call', '2026-04-01', '17:00:00', 1, 1, 1, 0, '2026-03-19 19:18:35', '2026-03-19 19:18:35'),
(5166, 28, 'Full Seq-GUN0426CT Seq 4', 'Dynamic Call', '2026-04-07', '17:00:00', 1, 1, 1, 0, '2026-03-19 19:18:35', '2026-03-19 19:18:35'),
(5167, 28, 'Full Seq-GUN0426CT Seq 5', 'Dynamic Call', '2026-04-14', '17:00:00', 1, 1, 1, 0, '2026-03-19 19:18:35', '2026-03-19 19:18:35'),
(5168, 28, 'Full Seq-GUN0426CT Seq 6', 'Dynamic Call', '2026-04-21', '17:00:00', 1, 1, 1, 0, '2026-03-19 19:18:35', '2026-03-19 19:18:35'),
(5601, 29, 'Rem Call-GUN0426CT Wk 1', 'Call Reminder', '2026-04-02', '17:00:00', 1, 1, 1, 0, '2026-03-22 16:59:43', '2026-03-22 16:59:43'),
(5602, 29, 'REM Text-GUN0426CT Wk 1 Fri', 'Text Reminder', '2026-04-03', '10:00:00', 1, 1, 1, 0, '2026-03-22 16:59:43', '2026-03-22 16:59:43'),
(5603, 29, 'Rem Text -GUN0426CT Wk 1 Sun', 'Text Reminder', '2026-04-05', '10:00:00', 1, 1, 1, 0, '2026-03-22 16:59:43', '2026-03-22 16:59:43'),
(5604, 29, 'Rem Call-GUN0426CT Wk 2', 'Call Reminder', '2026-04-09', '17:00:00', 1, 1, 1, 0, '2026-03-22 16:59:43', '2026-03-22 16:59:43'),
(5605, 29, 'Rem Text -GUN0426CT Wk 2 Fri', 'Text Reminder', '2026-04-10', '10:00:00', 1, 1, 1, 0, '2026-03-22 16:59:43', '2026-03-22 16:59:43'),
(5606, 29, 'Rem Text-GUN0426CT Wk 2 Sun', 'Text Reminder', '2026-04-12', '10:00:00', 1, 1, 1, 0, '2026-03-22 16:59:43', '2026-03-22 16:59:43'),
(5607, 29, 'Rem Call-GUN0426CT Wk 3', 'Call Reminder', '2026-04-16', '17:00:00', 1, 1, 1, 0, '2026-03-22 16:59:43', '2026-03-22 16:59:43'),
(5608, 29, 'Rem Text -GUN0426CT Wk 3 Fri', 'Text Reminder', '2026-04-17', '10:00:00', 1, 1, 1, 0, '2026-03-22 16:59:43', '2026-03-22 16:59:43'),
(5609, 29, 'Rem Text -GUN0426CT Wk 3 Sun', 'Text Reminder', '2026-04-19', '10:00:00', 1, 1, 1, 0, '2026-03-22 16:59:43', '2026-03-22 16:59:43'),
(5610, 29, 'Rem Call-GUN0426CT Wk 4', 'Call Reminder', '2026-04-23', '17:00:00', 1, 1, 1, 0, '2026-03-22 16:59:43', '2026-03-22 16:59:43'),
(5611, 29, 'Rem Text -GUN0426CT Wk 4 Fri', 'Text Reminder', '2026-04-24', '10:00:00', 1, 1, 1, 0, '2026-03-22 16:59:43', '2026-03-22 16:59:43'),
(5612, 29, 'Rem Text -GUN0326CT Wk 4 Sun', 'Text Reminder', '2026-04-26', '10:00:00', 1, 1, 1, 0, '2026-03-22 16:59:43', '2026-03-22 16:59:43'),
(6116, 35, 'Rem1 Call PGN-0526CT', 'Call Reminder', '2026-05-02', '17:00:00', 0, 1, 0, 0, '2026-04-11 22:15:16', '2026-04-11 22:15:16'),
(6117, 35, 'Rem1 Text1 PGN-0526CT', 'Text Reminder', '2026-05-03', '10:00:00', 0, 1, 0, 0, '2026-04-11 22:15:16', '2026-04-11 22:15:16'),
(6118, 35, 'Rem1 Text2 PGN-0526CT', 'Text Reminder', '2026-05-04', '10:00:00', 0, 1, 0, 0, '2026-04-11 22:15:16', '2026-04-11 22:15:16'),
(6119, 35, 'Rem1 Text3 PGN-0526CT', 'Text Reminder', '2026-05-05', '10:00:00', 0, 1, 0, 0, '2026-04-11 22:15:16', '2026-04-11 22:15:16'),
(6120, 35, 'Rem2 Call PGN-0526CT', 'Call Reminder', '2026-05-09', '17:00:00', 0, 1, 0, 0, '2026-04-11 22:15:16', '2026-04-11 22:15:16'),
(6121, 35, 'Rem2 Text1 PGN-0526CT', 'Text Reminder', '2026-05-10', '10:00:00', 0, 1, 0, 0, '2026-04-11 22:15:16', '2026-04-11 22:15:16'),
(6122, 35, 'Rem2 Text2 PGN-0526CT', 'Text Reminder', '2026-05-11', '10:00:00', 0, 1, 0, 0, '2026-04-11 22:15:16', '2026-04-11 22:15:16'),
(6123, 35, 'Rem2 Text3 PGN-0526CT', 'Text Reminder', '2026-05-12', '10:00:00', 0, 1, 0, 0, '2026-04-11 22:15:16', '2026-04-11 22:15:16'),
(6124, 35, 'Rem3 Call PGN-0526CT', 'Call Reminder', '2026-05-16', '17:00:00', 0, 1, 0, 0, '2026-04-11 22:15:16', '2026-04-11 22:15:16'),
(6125, 35, 'Rem3 Text1 PGN-0526CT', 'Text Reminder', '2026-05-17', '10:00:00', 0, 1, 0, 0, '2026-04-11 22:15:16', '2026-04-11 22:15:16'),
(6126, 35, 'Rem3 Text2 PGN-0526CT', 'Text Reminder', '2026-05-18', '10:00:00', 0, 1, 0, 0, '2026-04-11 22:15:16', '2026-04-11 22:15:16'),
(6127, 35, 'Rem3 Text3 PGN-0526CT', 'Text Reminder', '2026-05-19', '10:00:00', 0, 1, 0, 0, '2026-04-11 22:15:16', '2026-04-11 22:15:16'),
(6128, 35, 'Rem4 Call PGN-0526CT', 'Call Reminder', '2026-05-23', '17:00:00', 0, 1, 0, 0, '2026-04-11 22:15:16', '2026-04-11 22:15:16'),
(6129, 35, 'Rem4 Text1 PGN-0526CT', 'Text Reminder', '2026-05-24', '10:00:00', 0, 1, 0, 0, '2026-04-11 22:15:16', '2026-04-11 22:15:16'),
(6130, 35, 'Rem4 Text2 PGN-0526CT', 'Text Reminder', '2026-05-25', '10:00:00', 0, 1, 0, 0, '2026-04-11 22:15:16', '2026-04-11 22:15:16'),
(6131, 35, 'Rem4 Text3 PGN-0526CT', 'Text Reminder', '2026-05-26', '10:00:00', 0, 1, 0, 0, '2026-04-11 22:15:16', '2026-04-11 22:15:16'),
(6132, 35, 'Rem5 Call PGN-0526CT', 'Call Reminder', '2026-05-30', '17:00:00', 0, 1, 0, 0, '2026-04-11 22:15:16', '2026-04-11 22:15:16'),
(6133, 35, 'Rem5 Text1 PGN-0526CT', 'Text Reminder', '2026-05-31', '10:00:00', 0, 1, 0, 0, '2026-04-11 22:15:16', '2026-04-11 22:15:16'),
(6134, 35, 'Rem5 Text2 PGN-0526CT', 'Text Reminder', '2026-06-01', '10:00:00', 0, 1, 0, 0, '2026-04-11 22:15:16', '2026-04-11 22:15:16'),
(6135, 35, 'Rem5 Text3 PGN-0526CT', 'Text Reminder', '2026-06-02', '10:00:00', 0, 1, 0, 0, '2026-04-11 22:15:16', '2026-04-11 22:15:16'),
(6192, 33, 'WU Text PGN-0526CT Seq 1', 'Warm Up Text', '2026-04-29', '16:30:00', 0, 1, 0, 0, '2026-04-11 22:16:12', '2026-04-11 22:16:12'),
(6193, 33, 'Full Seq 1 PGN-0526CT Seq 1', 'Dynamic Call', '2026-04-29', '17:00:00', 0, 1, 0, 0, '2026-04-11 22:16:12', '2026-04-11 22:16:12'),
(6194, 33, 'Spec Text 1 PGN-0526CT Seq 2', 'Special Text', '2026-04-30', '17:00:00', 0, 1, 0, 0, '2026-04-11 22:16:12', '2026-04-11 22:16:12'),
(6195, 33, 'Full Seq 2 PGN-0526CT Seq 3', 'Dynamic Call', '2026-05-01', '17:00:00', 0, 1, 0, 0, '2026-04-11 22:16:12', '2026-04-11 22:16:12'),
(6196, 33, 'Full Seq PGN-0526CT Seq 4', 'Dynamic Call', '2026-05-07', '17:00:00', 0, 1, 0, 0, '2026-04-11 22:16:12', '2026-04-11 22:16:12'),
(6197, 33, 'Full Seq PGN-0526CT Seq 5', 'Dynamic Call', '2026-05-14', '17:00:00', 0, 1, 0, 0, '2026-04-11 22:16:12', '2026-04-11 22:16:12'),
(6198, 33, 'Full Seq PGN-0526CT Seq 6', 'Dynamic Call', '2026-05-21', '17:00:00', 0, 1, 0, 0, '2026-04-11 22:16:12', '2026-04-11 22:16:12'),
(6199, 33, 'Full Seq PGN-0526CT Seq 7', 'Dynamic Call', '2026-05-28', '17:00:00', 0, 1, 0, 0, '2026-04-11 22:16:12', '2026-04-11 22:16:12'),
(6440, 32, 'Rem1 Call SOB-0526CT', 'Call Reminder', '2026-05-03', '17:00:00', 0, 1, 0, 0, '2026-04-11 22:19:44', '2026-04-11 22:19:44'),
(6441, 32, 'Rem1 Text1 SOB-0526CT', 'Text Reminder', '2026-05-04', '10:00:00', 0, 1, 0, 0, '2026-04-11 22:19:44', '2026-04-11 22:19:44'),
(6442, 32, 'Rem1 Text2 SOB-0526CT', 'Text Reminder', '2026-05-05', '10:00:00', 0, 1, 0, 0, '2026-04-11 22:19:44', '2026-04-11 22:19:44'),
(6443, 32, 'Rem1 Text3 SOB-0526CT', 'Text Reminder', '2026-05-06', '10:00:00', 0, 1, 0, 0, '2026-04-11 22:19:44', '2026-04-11 22:19:44'),
(6444, 32, 'Rem2 Call SOB-0526CT', 'Call Reminder', '2026-05-10', '17:00:00', 0, 1, 0, 0, '2026-04-11 22:19:44', '2026-04-11 22:19:44'),
(6445, 32, 'Rem2 Text1 SOB-0526CT', 'Text Reminder', '2026-05-11', '10:00:00', 0, 1, 0, 0, '2026-04-11 22:19:44', '2026-04-11 22:19:44'),
(6446, 32, 'Rem2 Text2 SOB-0526CT', 'Text Reminder', '2026-05-12', '10:00:00', 0, 1, 0, 0, '2026-04-11 22:19:44', '2026-04-11 22:19:44'),
(6447, 32, 'Rem2 Text3 SOB-0526CT', 'Text Reminder', '2026-05-13', '10:00:00', 0, 1, 0, 0, '2026-04-11 22:19:44', '2026-04-11 22:19:44'),
(6448, 32, 'Rem3 Call SOB-0526CT', 'Call Reminder', '2026-05-17', '17:00:00', 0, 1, 0, 0, '2026-04-11 22:19:44', '2026-04-11 22:19:44'),
(6449, 32, 'Rem3 Text1 SOB-0526CT', 'Text Reminder', '2026-05-18', '10:00:00', 0, 1, 0, 0, '2026-04-11 22:19:44', '2026-04-11 22:19:44'),
(6450, 32, 'Rem3 Text2 SOB-0526CT', 'Text Reminder', '2026-05-19', '10:00:00', 0, 1, 0, 0, '2026-04-11 22:19:44', '2026-04-11 22:19:44'),
(6451, 32, 'Rem3 Text3 SOB-0526CT', 'Text Reminder', '2026-05-20', '10:00:00', 0, 1, 0, 0, '2026-04-11 22:19:44', '2026-04-11 22:19:44'),
(6452, 32, 'Rem4 Call SOB-0526CT', 'Call Reminder', '2026-05-24', '17:00:00', 0, 1, 0, 0, '2026-04-11 22:19:44', '2026-04-11 22:19:44'),
(6453, 32, 'Rem4 Text1 SOB-0526CT', 'Text Reminder', '2026-05-25', '10:00:00', 0, 1, 0, 0, '2026-04-11 22:19:44', '2026-04-11 22:19:44'),
(6454, 32, 'Rem4 Text2 SOB-0526CT', 'Text Reminder', '2026-05-26', '10:00:00', 0, 1, 0, 0, '2026-04-11 22:19:44', '2026-04-11 22:19:44'),
(6455, 32, 'Rem4 Text3 SOB-0426CT', 'Text Reminder', '2026-05-27', '10:00:00', 0, 1, 0, 0, '2026-04-11 22:19:44', '2026-04-11 22:19:44'),
(6498, 31, 'W/U Text SOB-0526CT Seq 1', 'Warm Up Text', '2026-04-30', '16:30:00', 0, 1, 0, 0, '2026-04-11 22:21:10', '2026-04-11 22:21:10'),
(6499, 31, 'Full Seq 1 SOB-0526CT Seq 1', 'Dynamic Call', '2026-04-30', '17:00:00', 0, 1, 0, 0, '2026-04-11 22:21:10', '2026-04-11 22:21:10'),
(6500, 31, 'Spec Text 1 SOB-0526CT Seq 2', 'Special Text', '2026-05-01', '17:00:00', 0, 1, 0, 0, '2026-04-11 22:21:10', '2026-04-11 22:21:10'),
(6501, 31, 'Full Seq 2 SOB-0526CT Seq 3', 'Dynamic Call', '2026-05-02', '17:00:00', 0, 1, 0, 0, '2026-04-11 22:21:10', '2026-04-11 22:21:10'),
(6502, 31, 'Full Seq Wk2 SOB-0526CT Seq 4', 'Dynamic Call', '2026-05-08', '17:00:00', 0, 1, 0, 0, '2026-04-11 22:21:10', '2026-04-11 22:21:10'),
(6503, 31, 'Full Seq Wk3 SOB-0526CT Seq 5', 'Dynamic Call', '2026-05-15', '17:00:00', 0, 1, 0, 0, '2026-04-11 22:21:10', '2026-04-11 22:21:10'),
(6504, 31, 'Full Seq Wk4 SOB-0526CT Seq6', 'Dynamic Call', '2026-05-22', '17:00:00', 0, 1, 0, 0, '2026-04-11 22:21:10', '2026-04-11 22:21:10'),
(6505, 36, 'W/U Text PMA-0526CT Seq 1', 'Warm Up Text', '2026-04-29', '16:30:00', 0, 1, 0, 0, '2026-04-11 22:50:48', '2026-04-11 22:50:48'),
(6506, 36, 'Full Seq 1 PMA-0526CT Seq 1', 'Dynamic Call', '2026-04-29', '17:00:00', 0, 1, 0, 0, '2026-04-11 22:50:48', '2026-04-11 22:50:48'),
(6507, 36, 'Spec Text 1 PMA-0526CT Seq 2', 'Special Text', '2026-04-30', '10:00:00', 0, 1, 0, 0, '2026-04-11 22:50:48', '2026-04-11 22:50:48'),
(6508, 36, 'Full Seq 2 PMA-0526CT Seq 3', 'Dynamic Call', '2026-05-01', '17:00:00', 0, 1, 0, 0, '2026-04-11 22:50:48', '2026-04-11 22:50:48'),
(6509, 36, 'Full Seq PMA-0526CT Seq 4', 'Dynamic Call', '2026-05-07', '17:00:00', 0, 1, 0, 0, '2026-04-11 22:50:48', '2026-04-11 22:50:48'),
(6510, 36, 'Full Seq PMA-0526CT Seq 5', 'Dynamic Call', '2026-05-14', '17:00:00', 0, 1, 0, 0, '2026-04-11 22:50:48', '2026-04-11 22:50:48'),
(6511, 36, 'Full Seq PMA-0526CT Seq 6', 'Dynamic Call', '2026-05-21', '17:00:00', 0, 1, 0, 0, '2026-04-11 22:50:48', '2026-04-11 22:50:48'),
(6768, 37, 'Rem1 Call PMA-0526CT', 'Call Reminder', '2026-05-02', '17:00:00', 0, 1, 0, 0, '2026-04-11 22:58:22', '2026-04-11 22:58:22'),
(6769, 37, 'Rem1 Text1 PMA-0526CT', 'Text Reminder', '2026-05-03', '10:00:00', 0, 1, 0, 0, '2026-04-11 22:58:22', '2026-04-11 22:58:22'),
(6770, 37, 'Rem1 Text2 PMA-0526CT', 'Text Reminder', '2026-05-04', '10:00:00', 0, 1, 0, 0, '2026-04-11 22:58:22', '2026-04-11 22:58:22'),
(6771, 37, 'Rem1 Text3 PMA-0526CT', 'Text Reminder', '2026-05-05', '10:00:00', 0, 1, 0, 0, '2026-04-11 22:58:22', '2026-04-11 22:58:22'),
(6772, 37, 'Rem2 Call PMA-0526CT', 'Call Reminder', '2026-05-09', '17:00:00', 0, 1, 0, 0, '2026-04-11 22:58:22', '2026-04-11 22:58:22'),
(6773, 37, 'Rem2 Text1 PMA-0526CT', 'Text Reminder', '2026-05-10', '10:00:00', 0, 1, 0, 0, '2026-04-11 22:58:22', '2026-04-11 22:58:22'),
(6774, 37, 'Rem2 Text2 PMA-0526CT', 'Text Reminder', '2026-05-11', '10:00:00', 0, 1, 0, 0, '2026-04-11 22:58:22', '2026-04-11 22:58:22'),
(6775, 37, 'Rem2 Text3 PMA-0526CT', 'Text Reminder', '2026-05-12', '10:00:00', 0, 1, 0, 0, '2026-04-11 22:58:22', '2026-04-11 22:58:22'),
(6776, 37, 'Rem3 Call PMA-0526CT', 'Call Reminder', '2026-05-16', '17:00:00', 0, 1, 0, 0, '2026-04-11 22:58:22', '2026-04-11 22:58:22'),
(6777, 37, 'Rem3 Text1 PMA-0526CT', 'Text Reminder', '2026-05-17', '10:00:00', 0, 1, 0, 0, '2026-04-11 22:58:22', '2026-04-11 22:58:22'),
(6778, 37, 'Rem3 Text2 PMA-0526CT', 'Text Reminder', '2026-05-18', '10:00:00', 0, 1, 0, 0, '2026-04-11 22:58:22', '2026-04-11 22:58:22'),
(6779, 37, 'Rem3 Text3 PMA-0526CT', 'Text Reminder', '2026-05-19', '10:00:00', 0, 1, 0, 0, '2026-04-11 22:58:22', '2026-04-11 22:58:22'),
(6780, 37, 'Rem4 Call PMA-0526CT', 'Call Reminder', '2026-05-23', '17:00:00', 0, 1, 0, 0, '2026-04-11 22:58:22', '2026-04-11 22:58:22'),
(6781, 37, 'Rem4 Text1 PMA-0526CT', 'Text Reminder', '2026-05-24', '10:00:00', 0, 1, 0, 0, '2026-04-11 22:58:22', '2026-04-11 22:58:22'),
(6782, 37, 'Rem4 Text2 PMA-0526CT', 'Text Reminder', '2026-05-25', '10:00:00', 0, 1, 0, 0, '2026-04-11 22:58:22', '2026-04-11 22:58:22'),
(6783, 37, 'Rem4 Text3 PMA-0526CT', 'Text Reminder', '2026-05-26', '10:00:00', 0, 1, 0, 0, '2026-04-11 22:58:22', '2026-04-11 22:58:22'),
(6792, 39, 'Rem Call 1 SEM-0526CT', 'Call Reminder', '2026-05-05', '17:00:00', 0, 1, 0, 0, '2026-04-11 23:12:07', '2026-04-11 23:12:07'),
(6793, 39, 'Rem Text 1 SEM-0526CT', 'Text Reminder', '2026-05-06', '10:00:00', 0, 1, 0, 0, '2026-04-11 23:12:07', '2026-04-11 23:12:07'),
(6794, 39, 'Rem Call 2 SEM-0526CT', 'Call Reminder', '2026-05-12', '17:00:00', 0, 1, 0, 0, '2026-04-11 23:12:07', '2026-04-11 23:12:07'),
(6795, 39, 'Rem Text 2 SEM-0526CT', 'Text Reminder', '2026-05-13', '10:00:00', 0, 1, 0, 0, '2026-04-11 23:12:07', '2026-04-11 23:12:07'),
(6796, 39, 'Rem Call 3 SEM-0526CT', 'Call Reminder', '2026-05-19', '17:00:00', 0, 1, 0, 0, '2026-04-11 23:12:07', '2026-04-11 23:12:07'),
(6797, 39, 'Rem Text 3 SEM-0526CT', 'Text Reminder', '2026-05-20', '10:00:00', 0, 1, 0, 0, '2026-04-11 23:12:07', '2026-04-11 23:12:07'),
(6798, 39, 'Rem Call 4 SEM-0526CT', 'Call Reminder', '2026-05-26', '17:00:00', 0, 1, 0, 0, '2026-04-11 23:12:07', '2026-04-11 23:12:07'),
(6799, 39, 'Rem Text 4 SEM-0526CT', 'Text Reminder', '2026-05-27', '10:00:00', 0, 1, 0, 0, '2026-04-11 23:12:07', '2026-04-11 23:12:07'),
(6856, 38, 'W/U Text SEM-0526CT Seq 1', 'Warm Up Text', '2026-04-30', '16:30:00', 0, 1, 0, 0, '2026-04-11 23:16:02', '2026-04-11 23:16:02'),
(6857, 38, 'Full Seq 1 SEM-0526CT Seq 1', 'Dynamic Call', '2026-04-30', '17:00:00', 0, 1, 0, 0, '2026-04-11 23:16:02', '2026-04-11 23:16:02'),
(6858, 38, 'Spec Text 1 SEM-0526CT Seq 2', 'Special Text', '2026-05-01', '17:00:00', 0, 1, 0, 0, '2026-04-11 23:16:02', '2026-04-11 23:16:02'),
(6859, 38, 'Full Seq 2 SEM-0526CT Seq 3', 'Dynamic Call', '2026-05-02', '17:00:00', 0, 1, 0, 0, '2026-04-11 23:16:02', '2026-04-11 23:16:02'),
(6860, 38, 'Spec Text 2 SEM-0526CT Seq 4', 'Special Text', '2026-05-03', '17:00:00', 0, 1, 0, 0, '2026-04-11 23:16:02', '2026-04-11 23:16:02'),
(6861, 38, 'Full Seq 3 SEM-0526CT Seq 5', 'Dynamic Call', '2026-05-10', '17:00:00', 0, 1, 0, 0, '2026-04-11 23:16:02', '2026-04-11 23:16:02'),
(6862, 38, 'Full Seq 4 SEM-0526CT Seq 6', 'Dynamic Call', '2026-05-17', '17:00:00', 0, 1, 0, 0, '2026-04-11 23:16:02', '2026-04-11 23:16:02'),
(6863, 38, 'Full Seq 5 SEM-0526CT Seq 7', 'Dynamic Call', '2026-05-24', '17:00:00', 0, 1, 0, 0, '2026-04-11 23:16:02', '2026-04-11 23:16:02'),
(7048, 40, 'W/U Text IND-0526CT Seq 1', 'Warm Up Text', '2026-04-29', '16:30:00', 1, 1, 1, 0, '2026-04-22 20:49:53', '2026-04-22 20:49:53'),
(7049, 40, 'Full Seq 1 IND-0526CT Seq 1', 'Dynamic Call', '2026-04-29', '17:00:00', 1, 1, 1, 0, '2026-04-22 20:49:53', '2026-04-22 20:49:53'),
(7050, 40, 'Spec Text  1 IND-0526CT Seq 2', 'Special Text', '2026-04-30', '10:00:00', 1, 1, 1, 0, '2026-04-22 20:49:53', '2026-04-22 20:49:53'),
(7051, 40, 'Full Seq 2 IND-0526CT Seq 3', 'Dynamic Call', '2026-05-01', '17:00:00', 1, 1, 1, 0, '2026-04-22 20:49:53', '2026-04-22 20:49:53'),
(7052, 40, 'Full Seq 3 IND-0526CT Seq 4', 'Dynamic Call', '2026-05-07', '17:00:00', 1, 1, 1, 0, '2026-04-22 20:49:53', '2026-04-22 20:49:53'),
(7053, 40, 'Full Seq 3 IND-0526CT Seq 5', 'Dynamic Call', '2026-05-14', '17:00:00', 1, 1, 1, 0, '2026-04-22 20:49:53', '2026-04-22 20:49:53'),
(7054, 40, 'Full Seq 3 IND-0526CT Seq 6', 'Dynamic Call', '2026-05-21', '17:00:00', 1, 1, 1, 0, '2026-04-22 20:49:53', '2026-04-22 20:49:53'),
(7318, 42, 'W/U Text AOTW-0526CT Seq 1', 'Warm Up Text', '2026-04-29', '16:30:00', 1, 1, 1, 0, '2026-04-23 15:57:14', '2026-04-23 15:57:14'),
(7319, 42, 'Full Seq 1 AOTW-0526CT Seq 1', 'Dynamic Call', '2026-04-29', '17:00:00', 1, 1, 1, 0, '2026-04-23 15:57:14', '2026-04-23 15:57:14'),
(7320, 42, 'Spec Text  1 AOTW-0526CT Seq 2', 'Special Text', '2026-04-30', '10:00:00', 1, 1, 1, 0, '2026-04-23 15:57:14', '2026-04-23 15:57:14'),
(7321, 42, 'Full Seq 2 AOTW-0526CT Seq 3', 'Dynamic Call', '2026-05-01', '17:00:00', 1, 1, 1, 0, '2026-04-23 15:57:14', '2026-04-23 15:57:14'),
(7322, 42, 'Full Seq 3 AOTW-0526CT Seq 4', 'Dynamic Call', '2026-05-07', '17:00:00', 1, 1, 1, 0, '2026-04-23 15:57:14', '2026-04-23 15:57:14'),
(7323, 42, 'Full Seq 3 AOTW-0526CT Seq 5', 'Dynamic Call', '2026-05-14', '17:00:00', 1, 1, 1, 0, '2026-04-23 15:57:14', '2026-04-23 15:57:14'),
(7324, 42, 'Full Seq 3 AOTW-0526CT Seq 6', 'Dynamic Call', '2026-05-21', '17:00:00', 1, 1, 1, 0, '2026-04-23 15:57:14', '2026-04-23 15:57:14'),
(8141, 43, 'Rem1 Call AOTW-0526CT', 'Call Reminder', '2026-05-02', '17:00:00', 1, 1, 1, 0, '2026-04-23 16:12:21', '2026-04-23 16:12:21'),
(8142, 43, 'Rem1 Text1 AOTW-0526CT', 'Text Reminder', '2026-05-03', '10:00:00', 1, 1, 1, 0, '2026-04-23 16:12:21', '2026-04-23 16:12:21'),
(8143, 43, 'Rem1 Text2 AOTW-0526CT', 'Text Reminder', '2026-05-04', '10:00:00', 1, 1, 1, 0, '2026-04-23 16:12:21', '2026-04-23 16:12:21'),
(8144, 43, 'Rem2 Call AOTW-0526CT', 'Call Reminder', '2026-05-09', '17:00:00', 1, 1, 1, 0, '2026-04-23 16:12:21', '2026-04-23 16:12:21'),
(8145, 43, 'Rem2 Text1 AOTW-0526CT', 'Text Reminder', '2026-05-10', '10:00:00', 1, 1, 1, 0, '2026-04-23 16:12:21', '2026-04-23 16:12:21'),
(8146, 43, 'Rem2 Text2 AOTW-0526CT', 'Text Reminder', '2026-05-11', '10:00:00', 1, 1, 1, 0, '2026-04-23 16:12:21', '2026-04-23 16:12:21'),
(8147, 43, 'Rem3 Call AOTW-0526CT', 'Call Reminder', '2026-05-16', '17:00:00', 1, 1, 1, 0, '2026-04-23 16:12:21', '2026-04-23 16:12:21'),
(8148, 43, 'Rem3 Text1 AOTW-0526CT', 'Text Reminder', '2026-05-17', '10:00:00', 1, 1, 1, 0, '2026-04-23 16:12:21', '2026-04-23 16:12:21'),
(8149, 43, 'Rem3 Text2 AOTW-0526CT', 'Text Reminder', '2026-05-18', '10:00:00', 1, 1, 1, 0, '2026-04-23 16:12:21', '2026-04-23 16:12:21'),
(8150, 43, 'Rem4 Call AOTW-0526CT', 'Call Reminder', '2026-05-23', '17:00:00', 1, 1, 1, 0, '2026-04-23 16:12:21', '2026-04-23 16:12:21'),
(8151, 43, 'Rem4 Text1 AOTW-0526CT', 'Text Reminder', '2026-05-24', '10:00:00', 1, 1, 1, 0, '2026-04-23 16:12:21', '2026-04-23 16:12:21'),
(8152, 43, 'Rem4 Text2 AOTW-0526CT', 'Text Reminder', '2026-05-25', '10:00:00', 1, 1, 1, 0, '2026-04-23 16:12:21', '2026-04-23 16:12:21'),
(8177, 41, 'Rem1 Call IND-0526CT', 'Call Reminder', '2026-05-02', '17:00:00', 1, 1, 1, 0, '2026-04-23 16:12:23', '2026-04-23 16:12:23'),
(8178, 41, 'Rem1 Text1 IND-0526CT', 'Text Reminder', '2026-05-03', '10:00:00', 1, 1, 1, 0, '2026-04-23 16:12:23', '2026-04-23 16:12:23'),
(8179, 41, 'Rem1 Text2 IND-0526CT', 'Text Reminder', '2026-05-04', '10:00:00', 1, 1, 1, 0, '2026-04-23 16:12:23', '2026-04-23 16:12:23'),
(8180, 41, 'Rem2 Call IND-0526CT', 'Call Reminder', '2026-05-09', '17:00:00', 1, 1, 1, 0, '2026-04-23 16:12:23', '2026-04-23 16:12:23'),
(8181, 41, 'Rem2 Text1 IND-0526CT', 'Text Reminder', '2026-05-10', '10:00:00', 1, 1, 1, 0, '2026-04-23 16:12:23', '2026-04-23 16:12:23'),
(8182, 41, 'Rem2 Text2 IND-0526CT', 'Text Reminder', '2026-05-11', '10:00:00', 1, 1, 1, 0, '2026-04-23 16:12:23', '2026-04-23 16:12:23'),
(8183, 41, 'Rem3 Call IND-0526CT', 'Call Reminder', '2026-05-16', '17:00:00', 1, 1, 1, 0, '2026-04-23 16:12:23', '2026-04-23 16:12:23'),
(8184, 41, 'Rem3 Text1 IND-0526CT', 'Text Reminder', '2026-05-17', '10:00:00', 1, 1, 1, 0, '2026-04-23 16:12:23', '2026-04-23 16:12:23'),
(8185, 41, 'Rem3 Text2 IND-0526CT', 'Text Reminder', '2026-05-18', '10:00:00', 1, 1, 1, 0, '2026-04-23 16:12:23', '2026-04-23 16:12:23'),
(8186, 41, 'Rem4 Call IND-0526CT', 'Call Reminder', '2026-05-23', '17:00:00', 1, 1, 1, 0, '2026-04-23 16:12:23', '2026-04-23 16:12:23'),
(8187, 41, 'Rem4 Text1 IND-0526CT', 'Text Reminder', '2026-05-24', '10:00:00', 1, 1, 1, 0, '2026-04-23 16:12:23', '2026-04-23 16:12:23'),
(8188, 41, 'Rem4 Text2 IND-0526CT', 'Text Reminder', '2026-05-25', '10:00:00', 1, 1, 1, 0, '2026-04-23 16:12:23', '2026-04-23 16:12:23'),
(8485, 44, 'W/U Text-TK 0526CT-Seq 1', 'Warm Up Text', '2026-05-02', '16:30:00', 1, 1, 1, 0, '2026-04-23 17:40:04', '2026-04-23 17:40:04'),
(8486, 44, 'Full Call-TK 0526CT-Seq 1', 'Dynamic Call', '2026-05-02', '17:00:00', 1, 1, 1, 0, '2026-04-23 17:40:04', '2026-04-23 17:40:04'),
(8487, 44, 'Special Text-TK 0526CT-Seq 2', 'Special Text', '2026-05-03', '17:00:00', 1, 1, 1, 0, '2026-04-23 17:40:04', '2026-04-23 17:40:04'),
(8488, 44, 'Full Call-TK 0526CT-Seq 3', 'Dynamic Call', '2026-05-04', '17:00:00', 1, 1, 1, 0, '2026-04-23 17:40:04', '2026-04-23 17:40:04'),
(8489, 44, 'Special Text-TK 0526CT-Seq 4', 'Special Text', '2026-05-05', '17:00:00', 1, 1, 1, 0, '2026-04-23 17:40:04', '2026-04-23 17:40:04'),
(8490, 44, 'Full Call-TK 0526CT-Seq 5', 'Dynamic Call', '2026-05-10', '17:00:00', 1, 1, 1, 0, '2026-04-23 17:40:04', '2026-04-23 17:40:04'),
(8491, 44, 'Full Call-TK 0526CT-Seq 6', 'Dynamic Call', '2026-05-17', '17:00:00', 1, 1, 1, 0, '2026-04-23 17:40:04', '2026-04-23 17:40:04'),
(8492, 44, 'Full Call-TK 0526CT-Seq 7', 'Dynamic Call', '2026-05-24', '17:00:00', 1, 1, 1, 0, '2026-04-23 17:40:04', '2026-04-23 17:40:04'),
(8913, 45, 'Rem1 Call 1-TK 0526CT', 'Call Reminder', '2026-05-06', '17:00:00', 1, 1, 1, 0, '2026-04-23 17:59:33', '2026-04-23 17:59:33'),
(8914, 45, 'Rem1 Text 1-TK 0526CT', 'Text Reminder', '2026-05-07', '10:00:00', 1, 1, 1, 0, '2026-04-23 17:59:33', '2026-04-23 17:59:33'),
(8915, 45, 'Rem1 Text 2-TK 0526CT', 'Text Reminder', '2026-05-08', '10:00:00', 1, 1, 1, 0, '2026-04-23 17:59:33', '2026-04-23 17:59:33'),
(8916, 45, 'Rem2 Call-TK 0526CT', 'Call Reminder', '2026-05-13', '17:00:00', 1, 1, 1, 0, '2026-04-23 17:59:33', '2026-04-23 17:59:33'),
(8917, 45, 'Rem2 Text 1-TK 0526CT', 'Text Reminder', '2026-05-14', '10:00:00', 1, 1, 1, 0, '2026-04-23 17:59:33', '2026-04-23 17:59:33'),
(8918, 45, 'Rem2 Text 2-TK 0526CT', 'Text Reminder', '2026-05-15', '10:00:00', 1, 1, 1, 0, '2026-04-23 17:59:33', '2026-04-23 17:59:33'),
(8919, 45, 'Rem3 Call-TK 0526CT', 'Call Reminder', '2026-05-20', '17:00:00', 1, 1, 1, 0, '2026-04-23 17:59:33', '2026-04-23 17:59:33'),
(8920, 45, 'Rem3 Text 1-TK 0526CT', 'Text Reminder', '2026-05-21', '10:00:00', 1, 1, 1, 0, '2026-04-23 17:59:33', '2026-04-23 17:59:33'),
(8921, 45, 'Rem3 Text 2-TK 0526CT', 'Text Reminder', '2026-05-22', '10:00:00', 1, 1, 1, 0, '2026-04-23 17:59:33', '2026-04-23 17:59:33'),
(8922, 45, 'Rem4 Call-TK 0526CT', 'Call Reminder', '2026-05-27', '17:00:00', 1, 1, 1, 0, '2026-04-23 17:59:33', '2026-04-23 17:59:33'),
(8923, 45, 'Rem4 Text 1-TK 0526CT', 'Text Reminder', '2026-05-28', '10:00:00', 1, 1, 1, 0, '2026-04-23 17:59:33', '2026-04-23 17:59:33'),
(8924, 45, 'Rem4 Text 2-TK 0526CT', 'Text Reminder', '2026-05-29', '10:00:00', 1, 1, 1, 0, '2026-04-23 17:59:33', '2026-04-23 17:59:33'),
(9392, 47, 'Rem Call 1 SEM-0526CT', 'Call Reminder', '2026-05-05', '17:00:00', 1, 1, 1, 0, '2026-04-23 19:06:37', '2026-04-23 19:06:37'),
(9393, 47, 'Rem Text 1 SEM-0526CT', 'Text Reminder', '2026-05-06', '10:00:00', 1, 1, 1, 0, '2026-04-23 19:06:37', '2026-04-23 19:06:37'),
(9394, 47, 'Rem Call 2 SEM-0526CT', 'Call Reminder', '2026-05-12', '17:00:00', 1, 1, 1, 0, '2026-04-23 19:06:37', '2026-04-23 19:06:37'),
(9395, 47, 'Rem Text 2 SEM-0526CT', 'Text Reminder', '2026-05-13', '10:00:00', 1, 1, 1, 0, '2026-04-23 19:06:37', '2026-04-23 19:06:37'),
(9396, 47, 'Rem Call 3 SEM-0526CT', 'Call Reminder', '2026-05-19', '17:00:00', 1, 1, 1, 0, '2026-04-23 19:06:37', '2026-04-23 19:06:37'),
(9397, 47, 'Rem Text 3 SEM-0526CT', 'Text Reminder', '2026-05-20', '10:00:00', 1, 1, 1, 0, '2026-04-23 19:06:37', '2026-04-23 19:06:37'),
(9398, 47, 'Rem Call 4 SEM-0526CT', 'Call Reminder', '2026-05-26', '17:00:00', 1, 1, 1, 0, '2026-04-23 19:06:37', '2026-04-23 19:06:37'),
(9399, 47, 'Rem Text 4 SEM-0526CT', 'Text Reminder', '2026-05-27', '10:00:00', 1, 1, 1, 0, '2026-04-23 19:06:37', '2026-04-23 19:06:37'),
(9706, 48, 'W/U Text PMA-0526CT Seq 1', 'Text Reminder', '2026-04-29', '16:30:00', 1, 1, 1, 0, '2026-04-23 20:05:47', '2026-04-23 20:05:47'),
(9707, 48, 'Full Seq 1 PMA-0526CT Seq 1', 'Dynamic Call', '2026-04-29', '17:00:00', 1, 1, 1, 0, '2026-04-23 20:05:47', '2026-04-23 20:05:47'),
(9708, 48, 'Spec Text 1 PMA-0526CT Seq 2', 'Special Text', '2026-04-30', '10:00:00', 1, 1, 1, 0, '2026-04-23 20:05:47', '2026-04-23 20:05:47'),
(9709, 48, 'Full Seq 2 PMA-0526CT Seq 3', 'Dynamic Call', '2026-05-01', '17:00:00', 1, 1, 1, 0, '2026-04-23 20:05:47', '2026-04-23 20:05:47'),
(9710, 48, 'Full Seq PMA-0526CT Seq 4', 'Dynamic Call', '2026-05-07', '17:00:00', 1, 1, 1, 0, '2026-04-23 20:05:47', '2026-04-23 20:05:47'),
(9711, 48, 'Full Seq PMA-0526CT Seq 5', 'Dynamic Call', '2026-05-14', '17:00:00', 1, 1, 1, 0, '2026-04-23 20:05:47', '2026-04-23 20:05:47'),
(9712, 48, 'Full Seq PMA-0526CT Seq 6', 'Dynamic Call', '2026-05-21', '17:00:00', 1, 1, 1, 0, '2026-04-23 20:05:47', '2026-04-23 20:05:47'),
(10465, 49, 'Rem1 Call PMA-0526CT', 'Call Reminder', '2026-05-02', '17:00:00', 1, 1, 1, 0, '2026-04-23 20:59:24', '2026-04-23 20:59:24'),
(10466, 49, 'Rem1 Text1 PMA-0526CT', 'Text Reminder', '2026-05-03', '10:00:00', 1, 1, 1, 0, '2026-04-23 20:59:24', '2026-04-23 20:59:24'),
(10467, 49, 'Rem1 Text2 PMA-0526CT', 'Text Reminder', '2026-05-04', '10:00:00', 1, 1, 1, 0, '2026-04-23 20:59:24', '2026-04-23 20:59:24'),
(10468, 49, 'Rem1 Text3 PMA-0526CT', 'Text Reminder', '2026-05-05', '10:00:00', 1, 1, 1, 0, '2026-04-23 20:59:24', '2026-04-23 20:59:24'),
(10469, 49, 'Rem2 Call PMA-0526CT', 'Call Reminder', '2026-05-09', '17:00:00', 1, 1, 1, 0, '2026-04-23 20:59:24', '2026-04-23 20:59:24'),
(10470, 49, 'Rem2 Text1 PMA-0526CT', 'Text Reminder', '2026-05-10', '10:00:00', 1, 1, 1, 0, '2026-04-23 20:59:24', '2026-04-23 20:59:24'),
(10471, 49, 'Rem2 Text2 PMA-0526CT', 'Text Reminder', '2026-05-11', '10:00:00', 1, 1, 1, 0, '2026-04-23 20:59:24', '2026-04-23 20:59:24'),
(10472, 49, 'Rem2 Text3 PMA-0526CT', 'Text Reminder', '2026-05-12', '10:00:00', 1, 1, 1, 0, '2026-04-23 20:59:24', '2026-04-23 20:59:24'),
(10473, 49, 'Rem3 Call PMA-0526CT', 'Call Reminder', '2026-05-16', '17:00:00', 1, 1, 1, 0, '2026-04-23 20:59:24', '2026-04-23 20:59:24'),
(10474, 49, 'Rem3 Text1 PMA-0526CT', 'Text Reminder', '2026-05-17', '10:00:00', 1, 1, 1, 0, '2026-04-23 20:59:24', '2026-04-23 20:59:24'),
(10475, 49, 'Rem3 Text2 PMA-0526CT', 'Text Reminder', '2026-05-18', '10:00:00', 1, 1, 1, 0, '2026-04-23 20:59:24', '2026-04-23 20:59:24'),
(10476, 49, 'Rem3 Text3 PMA-0526CT', 'Text Reminder', '2026-05-19', '10:00:00', 1, 1, 1, 0, '2026-04-23 20:59:24', '2026-04-23 20:59:24'),
(10477, 49, 'Rem4 Call PMA-0526CT', 'Call Reminder', '2026-05-23', '17:00:00', 1, 1, 1, 0, '2026-04-23 20:59:24', '2026-04-23 20:59:24'),
(10478, 49, 'Rem4 Text1 PMA-0526CT', 'Text Reminder', '2026-05-24', '10:00:00', 1, 1, 1, 0, '2026-04-23 20:59:24', '2026-04-23 20:59:24'),
(10479, 49, 'Rem4 Text2 PMA-0526CT', 'Text Reminder', '2026-05-25', '10:00:00', 1, 1, 1, 0, '2026-04-23 20:59:24', '2026-04-23 20:59:24'),
(10480, 49, 'Rem4 Text3 PMA-0526CT', 'Text Reminder', '2026-05-26', '10:00:00', 1, 1, 1, 0, '2026-04-23 20:59:24', '2026-04-23 20:59:24'),
(11745, 51, 'Rem1 Call PGN-0526CT', 'Call Reminder', '2026-05-02', '17:00:00', 1, 1, 1, 0, '2026-04-24 17:11:29', '2026-04-24 17:11:29'),
(11746, 51, 'Rem1 Text1 PGN-0526CT', 'Text Reminder', '2026-05-03', '10:00:00', 1, 1, 1, 0, '2026-04-24 17:11:29', '2026-04-24 17:11:29'),
(11747, 51, 'Rem1 Text2 PGN-0526CT', 'Text Reminder', '2026-05-04', '10:00:00', 1, 1, 1, 0, '2026-04-24 17:11:29', '2026-04-24 17:11:29'),
(11748, 51, 'Rem1 Text3 PGN-0526CT', 'Text Reminder', '2026-05-05', '10:00:00', 1, 1, 1, 0, '2026-04-24 17:11:29', '2026-04-24 17:11:29'),
(11749, 51, 'Rem2 Call PGN-0526CT', 'Call Reminder', '2026-05-09', '17:00:00', 1, 1, 1, 0, '2026-04-24 17:11:29', '2026-04-24 17:11:29'),
(11750, 51, 'Rem2 Text1 PGN-0526CT', 'Text Reminder', '2026-05-10', '10:00:00', 1, 1, 1, 0, '2026-04-24 17:11:29', '2026-04-24 17:11:29'),
(11751, 51, 'Rem2 Text2 PGN-0526CT', 'Text Reminder', '2026-05-11', '10:00:00', 1, 1, 1, 0, '2026-04-24 17:11:29', '2026-04-24 17:11:29'),
(11752, 51, 'Rem2 Text3 PGN-0526CT', 'Text Reminder', '2026-05-12', '10:00:00', 1, 1, 1, 0, '2026-04-24 17:11:29', '2026-04-24 17:11:29'),
(11753, 51, 'Rem3 Call PGN-0526CT', 'Call Reminder', '2026-05-16', '17:00:00', 1, 1, 1, 0, '2026-04-24 17:11:29', '2026-04-24 17:11:29'),
(11754, 51, 'Rem3 Text1 PGN-0526CT', 'Text Reminder', '2026-05-17', '10:00:00', 1, 1, 1, 0, '2026-04-24 17:11:29', '2026-04-24 17:11:29'),
(11755, 51, 'Rem3 Text2 PGN-0526CT', 'Text Reminder', '2026-05-18', '10:00:00', 1, 1, 1, 0, '2026-04-24 17:11:29', '2026-04-24 17:11:29'),
(11756, 51, 'Rem3 Text3 PGN-0526CT', 'Text Reminder', '2026-05-19', '10:00:00', 1, 1, 1, 0, '2026-04-24 17:11:29', '2026-04-24 17:11:29'),
(11757, 51, 'Rem4 Call PGN-0526CT', 'Call Reminder', '2026-05-23', '17:00:00', 1, 1, 1, 0, '2026-04-24 17:11:29', '2026-04-24 17:11:29'),
(11758, 51, 'Rem4 Text1 PGN-0526CT', 'Text Reminder', '2026-05-24', '10:00:00', 1, 1, 1, 0, '2026-04-24 17:11:29', '2026-04-24 17:11:29'),
(11759, 51, 'Rem4 Text2 PGN-0526CT', 'Text Reminder', '2026-05-25', '10:00:00', 1, 1, 1, 0, '2026-04-24 17:11:29', '2026-04-24 17:11:29'),
(11760, 51, 'Rem4 Text3 PGN-0526CT', 'Text Reminder', '2026-05-26', '10:00:00', 1, 1, 1, 0, '2026-04-24 17:11:29', '2026-04-24 17:11:29'),
(11761, 51, 'Rem5 Call PGN-0526CT', 'Call Reminder', '2026-05-30', '17:00:00', 1, 1, 1, 0, '2026-04-24 17:11:29', '2026-04-24 17:11:29'),
(11762, 51, 'Rem5 Text1 PGN-0526CT', 'Text Reminder', '2026-05-31', '10:00:00', 1, 1, 1, 0, '2026-04-24 17:11:29', '2026-04-24 17:11:29'),
(11763, 51, 'Rem5 Text2 PGN-0526CT', 'Text Reminder', '2026-06-01', '10:00:00', 1, 1, 1, 0, '2026-04-24 17:11:29', '2026-04-24 17:11:29'),
(11764, 51, 'Rem5 Text3 PGN-0526CT', 'Text Reminder', '2026-06-02', '10:00:00', 1, 1, 1, 0, '2026-04-24 17:11:29', '2026-04-24 17:11:29'),
(11893, 50, 'WU Text PGN-0526CT Seq 1', 'Warm Up Text', '2026-04-29', '16:30:00', 1, 1, 1, 0, '2026-04-24 17:11:54', '2026-04-24 17:11:54'),
(11894, 50, 'Full Seq 1 PGN-0526CT Seq 1', 'Dynamic Call', '2026-04-29', '17:00:00', 1, 1, 1, 0, '2026-04-24 17:11:54', '2026-04-24 17:11:54'),
(11895, 50, 'Spec Text 1 PGN-0526CT Seq 2', 'Special Text', '2026-04-30', '17:00:00', 1, 1, 1, 0, '2026-04-24 17:11:54', '2026-04-24 17:11:54'),
(11896, 50, 'Full Seq 2 PGN-0526CT Seq 3', 'Dynamic Call', '2026-05-01', '17:00:00', 1, 1, 1, 0, '2026-04-24 17:11:54', '2026-04-24 17:11:54'),
(11897, 50, 'Full Seq PGN-0526CT Seq 4', 'Dynamic Call', '2026-05-07', '17:00:00', 1, 1, 1, 0, '2026-04-24 17:11:54', '2026-04-24 17:11:54'),
(11898, 50, 'Full Seq PGN-0526CT Seq 5', 'Dynamic Call', '2026-05-14', '17:00:00', 1, 1, 1, 0, '2026-04-24 17:11:54', '2026-04-24 17:11:54'),
(11899, 50, 'Full Seq PGN-0526CT Seq 6', 'Dynamic Call', '2026-05-21', '17:00:00', 1, 1, 1, 0, '2026-04-24 17:11:54', '2026-04-24 17:11:54'),
(11900, 50, 'Full Seq PGN-0526CT Seq 7', 'Dynamic Call', '2026-05-28', '17:00:00', 1, 1, 1, 0, '2026-04-24 17:11:54', '2026-04-24 17:11:54'),
(12924, 53, 'Rem1 Call SOB-0526CT', 'Call Reminder', '2026-05-03', '17:00:00', 1, 1, 1, 0, '2026-04-24 18:47:47', '2026-04-24 18:47:47'),
(12925, 53, 'Rem1 Text1 SOB-0526CT', 'Text Reminder', '2026-05-04', '10:00:00', 1, 1, 1, 0, '2026-04-24 18:47:47', '2026-04-24 18:47:47'),
(12926, 53, 'Rem1 Text2 SOB-0526CT', 'Text Reminder', '2026-05-05', '10:00:00', 1, 1, 1, 0, '2026-04-24 18:47:47', '2026-04-24 18:47:47'),
(12927, 53, 'Rem1 Text3 SOB-0526CT', 'Text Reminder', '2026-05-06', '10:00:00', 1, 1, 1, 0, '2026-04-24 18:47:47', '2026-04-24 18:47:47'),
(12928, 53, 'Rem2 Call SOB-0526CT', 'Call Reminder', '2026-05-10', '17:00:00', 1, 1, 1, 0, '2026-04-24 18:47:47', '2026-04-24 18:47:47'),
(12929, 53, 'Rem2 Text1 SOB-0526CT', 'Text Reminder', '2026-05-11', '10:00:00', 1, 1, 1, 0, '2026-04-24 18:47:47', '2026-04-24 18:47:47'),
(12930, 53, 'Rem2 Text2 SOB-0526CT', 'Text Reminder', '2026-05-12', '10:00:00', 1, 1, 1, 0, '2026-04-24 18:47:47', '2026-04-24 18:47:47'),
(12931, 53, 'Rem2 Text3 SOB-0526CT', 'Text Reminder', '2026-05-13', '10:00:00', 1, 1, 1, 0, '2026-04-24 18:47:47', '2026-04-24 18:47:47'),
(12932, 53, 'Rem3 Call SOB-0526CT', 'Call Reminder', '2026-05-17', '17:00:00', 1, 1, 1, 0, '2026-04-24 18:47:47', '2026-04-24 18:47:47'),
(12933, 53, 'Rem3 Text1 SOB-0526CT', 'Text Reminder', '2026-05-18', '10:00:00', 1, 1, 1, 0, '2026-04-24 18:47:47', '2026-04-24 18:47:47'),
(12934, 53, 'Rem3 Text2 SOB-0526CT', 'Text Reminder', '2026-05-19', '10:00:00', 1, 1, 1, 0, '2026-04-24 18:47:47', '2026-04-24 18:47:47'),
(12935, 53, 'Rem3 Text3 SOB-0526CT', 'Text Reminder', '2026-05-20', '10:00:00', 1, 1, 1, 0, '2026-04-24 18:47:47', '2026-04-24 18:47:47'),
(12936, 53, 'Rem4 Call SOB-0526CT', 'Call Reminder', '2026-05-24', '17:00:00', 1, 1, 1, 0, '2026-04-24 18:47:47', '2026-04-24 18:47:47'),
(12937, 53, 'Rem4 Text1 SOB-0526CT', 'Text Reminder', '2026-05-25', '10:00:00', 1, 1, 1, 0, '2026-04-24 18:47:47', '2026-04-24 18:47:47'),
(12938, 53, 'Rem4 Text2 SOB-0526CT', 'Text Reminder', '2026-05-26', '10:00:00', 1, 1, 1, 0, '2026-04-24 18:47:47', '2026-04-24 18:47:47'),
(12939, 53, 'Rem4 Text3 SOB-0426CT', 'Text Reminder', '2026-05-27', '10:00:00', 1, 1, 1, 0, '2026-04-24 18:47:47', '2026-04-24 18:47:47'),
(12982, 52, 'W/U Text SOB-0526CT Seq 1', 'Warm Up Text', '2026-04-30', '16:30:00', 1, 1, 1, 0, '2026-04-24 18:47:53', '2026-04-24 18:47:53'),
(12983, 52, 'Full Seq 1 SOB-0526CT Seq 1', 'Dynamic Call', '2026-04-30', '17:00:00', 1, 1, 1, 0, '2026-04-24 18:47:53', '2026-04-24 18:47:53'),
(12984, 52, 'Spec Text 1 SOB-0526CT Seq 2', 'Special Text', '2026-05-01', '17:00:00', 1, 1, 1, 0, '2026-04-24 18:47:53', '2026-04-24 18:47:53'),
(12985, 52, 'Full Seq 2 SOB-0526CT Seq 3', 'Dynamic Call', '2026-05-02', '17:00:00', 1, 1, 1, 0, '2026-04-24 18:47:53', '2026-04-24 18:47:53'),
(12986, 52, 'Full Seq Wk2 SOB-0526CT Seq 4', 'Dynamic Call', '2026-05-08', '17:00:00', 1, 1, 1, 0, '2026-04-24 18:47:53', '2026-04-24 18:47:53'),
(12987, 52, 'Full Seq Wk3 SOB-0526CT Seq 5', 'Dynamic Call', '2026-05-15', '17:00:00', 1, 1, 1, 0, '2026-04-24 18:47:53', '2026-04-24 18:47:53'),
(12988, 52, 'Full Seq Wk4 SOB-0526CT Seq6', 'Dynamic Call', '2026-05-22', '17:00:00', 1, 1, 1, 0, '2026-04-24 18:47:53', '2026-04-24 18:47:53'),
(13096, 54, 'W/U Text SEM-0526CT Seq 1', 'Warm Up Text', '2026-04-30', '16:30:00', 0, 1, 1, 0, '2026-04-25 01:57:27', '2026-04-25 01:57:27'),
(13097, 54, 'Full Seq 1 SEM-0526CT Seq 1', 'Dynamic Call', '2026-04-30', '17:00:00', 0, 1, 1, 0, '2026-04-25 01:57:27', '2026-04-25 01:57:27'),
(13098, 54, 'Spec Text 1 SEM-0526CT Seq 2', 'Special Text', '2026-05-01', '17:00:00', 0, 1, 1, 0, '2026-04-25 01:57:27', '2026-04-25 01:57:27'),
(13099, 54, 'Full Seq 2 SEM-0526CT Seq 3', 'Dynamic Call', '2026-05-02', '17:00:00', 0, 1, 1, 0, '2026-04-25 01:57:27', '2026-04-25 01:57:27'),
(13100, 54, 'Spec Text 2 SEM-0526CT Seq 4', 'Dynamic Call', '2026-05-03', '17:00:00', 0, 0, 0, 0, '2026-04-25 01:57:27', '2026-04-25 01:57:27');
INSERT INTO `items` (`id`, `batch_id`, `name`, `label`, `item_date`, `item_time`, `checked`, `time_ok`, `crm_ok`, `sort_order`, `created_at`, `updated_at`) VALUES
(13101, 54, 'Full Seq 3 SEM-0526CT Seq 5', 'Dynamic Call', '2026-05-10', '17:00:00', 0, 0, 0, 0, '2026-04-25 01:57:27', '2026-04-25 01:57:27'),
(13102, 54, 'Full Seq 4 SEM-0526CT Seq 6', 'Dynamic Call', '2026-05-17', '17:00:00', 0, 0, 0, 0, '2026-04-25 01:57:27', '2026-04-25 01:57:27'),
(13103, 54, 'Full Seq 5 SEM-0526CT Seq 7', 'Dynamic Call', '2026-05-24', '17:00:00', 0, 0, 0, 0, '2026-04-25 01:57:27', '2026-04-25 01:57:27');

-- --------------------------------------------------------

--
-- Table structure for table `tags`
--

CREATE TABLE `tags` (
  `id` int(11) NOT NULL,
  `name` varchar(50) NOT NULL,
  `color` varchar(7) DEFAULT '#3b82f6',
  `created_at` datetime DEFAULT current_timestamp()
) ENGINE=InnoDB DEFAULT CHARSET=utf8mb4 COLLATE=utf8mb4_general_ci;

--
-- Dumping data for table `tags`
--

INSERT INTO `tags` (`id`, `name`, `color`, `created_at`) VALUES
(1, 'April', '#3b82f6', '2026-03-16 08:49:39'),
(3, 'May', '#ec0958', '2026-03-16 09:16:21'),
(4, 'June', '#09ec58', '2026-03-16 09:16:52'),
(6, 'July', '#1ec9eb', '2026-03-16 09:17:35'),
(7, 'Done', '#3bf748', '2026-03-18 08:58:01'),
(8, 'Pending', '#7b808a', '2026-03-18 09:55:54'),
(11, 'Paul', '#22252a', '2026-03-19 00:55:25'),
(12, 'Khent', '#1dd33b', '2026-04-23 23:04:17');

-- --------------------------------------------------------

--
-- Table structure for table `users`
--

CREATE TABLE `users` (
  `id` int(11) NOT NULL,
  `email` varchar(255) NOT NULL,
  `name` varchar(100) NOT NULL,
  `password_hash` varchar(255) DEFAULT NULL,
  `is_active` tinyint(1) DEFAULT 1,
  `created_at` datetime DEFAULT current_timestamp(),
  `last_login` datetime DEFAULT NULL,
  `picture` varchar(500) DEFAULT NULL,
  `auth_provider` varchar(50) DEFAULT 'local'
) ENGINE=InnoDB DEFAULT CHARSET=utf8mb4 COLLATE=utf8mb4_general_ci;

--
-- Dumping data for table `users`
--

INSERT INTO `users` (`id`, `email`, `name`, `password_hash`, `is_active`, `created_at`, `last_login`, `picture`, `auth_provider`) VALUES
(1, 'paul.valencia@247ga.co', 'John Paul Valencia', '$2y$10$EHIn2GSaxNvpjKP/Loq/2.ePTSCR1bQZSVf6PTy12tDK.VYcwAA0u', 1, '2026-03-18 09:50:25', '2026-04-25 09:46:35', 'https://lh3.googleusercontent.com/a/ACg8ocKPxYXyIjJXzbIYjRaNa90KTRT56a3h4kzGtxhS1CLLLh22SQ=s96-c', 'google'),
(2, 'khent.agustin@247ga.co', 'Khent Agustin', NULL, 1, '2026-03-18 23:35:52', '2026-04-25 09:45:58', 'https://lh3.googleusercontent.com/a/ACg8ocIO6Afc2i_CqG4KRxCnaorUcD7plQVAzwgpbBC_m8aG1-mvOw=s96-c', 'google');

-- --------------------------------------------------------

--
-- Table structure for table `visitors`
--

CREATE TABLE `visitors` (
  `id` int(11) NOT NULL,
  `name` varchar(100) DEFAULT 'Anonymous',
  `ip_address` varchar(45) DEFAULT NULL,
  `user_agent` varchar(500) DEFAULT NULL,
  `page_visited` varchar(255) DEFAULT 'CRM Checklist',
  `visited_at` datetime DEFAULT current_timestamp()
) ENGINE=InnoDB DEFAULT CHARSET=utf8mb4 COLLATE=utf8mb4_general_ci;

--
-- Dumping data for table `visitors`
--

INSERT INTO `visitors` (`id`, `name`, `ip_address`, `user_agent`, `page_visited`, `visited_at`) VALUES
(143, 'Anonymous', '136.158.29.157', 'Mozilla/5.0 (Windows NT 10.0; Win64; x64) AppleWebKit/537.36 (KHTML, like Gecko) Chrome/146.0.0.0 Safari/537.36', 'CRM Checklist', '2026-03-19 00:28:45'),
(144, 'Anonymous', '136.158.29.157', 'Mozilla/5.0 (Windows NT 10.0; Win64; x64) AppleWebKit/537.36 (KHTML, like Gecko) Chrome/146.0.0.0 Safari/537.36', 'CRM Checklist', '2026-03-19 00:38:14'),
(145, 'Anonymous', '136.158.29.157', 'Mozilla/5.0 (Windows NT 10.0; Win64; x64) AppleWebKit/537.36 (KHTML, like Gecko) Chrome/146.0.0.0 Safari/537.36', 'CRM Checklist', '2026-03-19 00:42:23'),
(146, 'Anonymous', '136.158.29.157', 'Mozilla/5.0 (Windows NT 10.0; Win64; x64) AppleWebKit/537.36 (KHTML, like Gecko) Chrome/146.0.0.0 Safari/537.36', 'CRM Checklist', '2026-03-19 00:52:26'),
(147, 'Anonymous', '136.158.29.157', 'Mozilla/5.0 (Windows NT 10.0; Win64; x64) AppleWebKit/537.36 (KHTML, like Gecko) Chrome/146.0.0.0 Safari/537.36', 'CRM Checklist', '2026-03-19 01:17:50'),
(148, 'Anonymous', '2001:4451:4743:d700:b476:79a6:b794:6ccb', 'Mozilla/5.0 (Windows NT 10.0; Win64; x64) AppleWebKit/537.36 (KHTML, like Gecko) Chrome/146.0.0.0 Safari/537.36', 'CRM Checklist', '2026-03-19 01:30:07'),
(149, 'Anonymous', '136.158.29.157', 'Mozilla/5.0 (Windows NT 10.0; Win64; x64) AppleWebKit/537.36 (KHTML, like Gecko) Chrome/146.0.0.0 Safari/537.36', 'CRM Checklist', '2026-03-19 02:41:43'),
(150, 'Anonymous', '136.158.29.157', 'Mozilla/5.0 (Windows NT 10.0; Win64; x64) AppleWebKit/537.36 (KHTML, like Gecko) Chrome/146.0.0.0 Safari/537.36', 'CRM Checklist', '2026-03-19 02:43:48'),
(151, 'Anonymous', '136.158.29.157', 'Mozilla/5.0 (Windows NT 10.0; Win64; x64) AppleWebKit/537.36 (KHTML, like Gecko) Chrome/146.0.0.0 Safari/537.36', 'CRM Checklist', '2026-03-19 02:52:07'),
(152, 'Anonymous', '2001:4451:4743:d700:b476:79a6:b794:6ccb', 'Mozilla/5.0 (Windows NT 10.0; Win64; x64) AppleWebKit/537.36 (KHTML, like Gecko) Chrome/146.0.0.0 Safari/537.36', 'CRM Checklist', '2026-03-19 02:52:46'),
(153, 'Anonymous', '136.158.29.157', 'Mozilla/5.0 (Windows NT 10.0; Win64; x64) AppleWebKit/537.36 (KHTML, like Gecko) Chrome/146.0.0.0 Safari/537.36', 'CRM Checklist', '2026-03-19 03:01:38'),
(154, 'Anonymous', '136.158.29.157', 'Mozilla/5.0 (Windows NT 10.0; Win64; x64) AppleWebKit/537.36 (KHTML, like Gecko) Chrome/146.0.0.0 Safari/537.36', 'CRM Checklist', '2026-03-19 03:04:33'),
(155, 'Anonymous', '2001:4451:4743:d700:b476:79a6:b794:6ccb', 'Mozilla/5.0 (Windows NT 10.0; Win64; x64) AppleWebKit/537.36 (KHTML, like Gecko) Chrome/146.0.0.0 Safari/537.36', 'CRM Checklist', '2026-03-19 03:06:14'),
(156, 'Anonymous', '2001:4451:4743:d700:b476:79a6:b794:6ccb', 'Mozilla/5.0 (Windows NT 10.0; Win64; x64) AppleWebKit/537.36 (KHTML, like Gecko) Chrome/146.0.0.0 Safari/537.36', 'CRM Checklist', '2026-03-19 03:09:16'),
(157, 'Anonymous', '136.158.29.157', 'Mozilla/5.0 (Windows NT 10.0; Win64; x64) AppleWebKit/537.36 (KHTML, like Gecko) Chrome/146.0.0.0 Safari/537.36', 'CRM Checklist', '2026-03-19 03:10:53'),
(158, 'Anonymous', '136.158.29.157', 'Mozilla/5.0 (Windows NT 10.0; Win64; x64) AppleWebKit/537.36 (KHTML, like Gecko) Chrome/146.0.0.0 Safari/537.36', 'CRM Checklist', '2026-03-19 03:13:50'),
(159, 'Anonymous', '136.158.29.157', 'Mozilla/5.0 (Windows NT 10.0; Win64; x64) AppleWebKit/537.36 (KHTML, like Gecko) Chrome/146.0.0.0 Safari/537.36', 'CRM Checklist', '2026-03-19 03:14:51'),
(160, 'Anonymous', '136.158.29.157', 'Mozilla/5.0 (Windows NT 10.0; Win64; x64) AppleWebKit/537.36 (KHTML, like Gecko) Chrome/146.0.0.0 Safari/537.36', 'CRM Checklist', '2026-03-19 03:16:47'),
(161, 'Anonymous', '136.158.29.157', 'Mozilla/5.0 (Windows NT 10.0; Win64; x64) AppleWebKit/537.36 (KHTML, like Gecko) Chrome/146.0.0.0 Safari/537.36', 'CRM Checklist', '2026-03-19 03:20:38'),
(162, 'Anonymous', '136.158.29.157', 'Mozilla/5.0 (Windows NT 10.0; Win64; x64) AppleWebKit/537.36 (KHTML, like Gecko) Chrome/146.0.0.0 Safari/537.36', 'CRM Checklist', '2026-03-19 03:22:54'),
(163, 'Anonymous', '136.158.29.157', 'Mozilla/5.0 (Windows NT 10.0; Win64; x64) AppleWebKit/537.36 (KHTML, like Gecko) Chrome/146.0.0.0 Safari/537.36', 'CRM Checklist', '2026-03-19 03:24:01'),
(164, 'Anonymous', '136.158.29.157', 'Mozilla/5.0 (Windows NT 10.0; Win64; x64) AppleWebKit/537.36 (KHTML, like Gecko) Chrome/146.0.0.0 Safari/537.36', 'CRM Checklist', '2026-03-19 03:50:10'),
(165, 'Anonymous', '2001:4451:4743:d700:b476:79a6:b794:6ccb', 'Mozilla/5.0 (Windows NT 10.0; Win64; x64) AppleWebKit/537.36 (KHTML, like Gecko) Chrome/146.0.0.0 Safari/537.36', 'CRM Checklist', '2026-03-19 04:14:27'),
(166, 'Anonymous', '2001:4451:4743:d700:b476:79a6:b794:6ccb', 'Mozilla/5.0 (Windows NT 10.0; Win64; x64) AppleWebKit/537.36 (KHTML, like Gecko) Chrome/146.0.0.0 Safari/537.36', 'CRM Checklist', '2026-03-19 04:21:05'),
(167, 'Anonymous', '2001:4451:4743:d700:b476:79a6:b794:6ccb', 'Mozilla/5.0 (Windows NT 10.0; Win64; x64) AppleWebKit/537.36 (KHTML, like Gecko) Chrome/146.0.0.0 Safari/537.36', 'CRM Checklist', '2026-03-19 04:29:07'),
(168, 'Anonymous', '2001:4451:4743:d700:b476:79a6:b794:6ccb', 'Mozilla/5.0 (Windows NT 10.0; Win64; x64) AppleWebKit/537.36 (KHTML, like Gecko) Chrome/146.0.0.0 Safari/537.36', 'CRM Checklist', '2026-03-19 04:30:28'),
(169, 'Anonymous', '136.158.29.157', 'Mozilla/5.0 (Windows NT 10.0; Win64; x64) AppleWebKit/537.36 (KHTML, like Gecko) Chrome/146.0.0.0 Safari/537.36', 'CRM Checklist', '2026-03-19 05:40:25'),
(170, 'Anonymous', '136.158.29.157', 'Mozilla/5.0 (Windows NT 10.0; Win64; x64) AppleWebKit/537.36 (KHTML, like Gecko) Chrome/146.0.0.0 Safari/537.36', 'CRM Checklist', '2026-03-19 05:53:05'),
(171, 'Anonymous', '136.158.29.157', 'Mozilla/5.0 (Windows NT 10.0; Win64; x64) AppleWebKit/537.36 (KHTML, like Gecko) Chrome/146.0.0.0 Safari/537.36', 'CRM Checklist', '2026-03-19 06:23:00'),
(172, 'Anonymous', '136.158.29.157', 'Mozilla/5.0 (Windows NT 10.0; Win64; x64) AppleWebKit/537.36 (KHTML, like Gecko) Chrome/146.0.0.0 Safari/537.36', 'CRM Checklist', '2026-03-19 06:39:24'),
(173, 'Anonymous', '136.158.29.157', 'Mozilla/5.0 (Windows NT 10.0; Win64; x64) AppleWebKit/537.36 (KHTML, like Gecko) Chrome/146.0.0.0 Safari/537.36', 'CRM Checklist', '2026-03-19 07:17:02'),
(174, 'Anonymous', '136.158.29.157', 'Mozilla/5.0 (Windows NT 10.0; Win64; x64) AppleWebKit/537.36 (KHTML, like Gecko) Chrome/146.0.0.0 Safari/537.36', 'CRM Checklist', '2026-03-19 23:41:56'),
(175, 'Anonymous', '2001:4451:4743:d700:e102:e0d8:ac54:c32b', 'Mozilla/5.0 (Windows NT 10.0; Win64; x64) AppleWebKit/537.36 (KHTML, like Gecko) Chrome/146.0.0.0 Safari/537.36', 'CRM Checklist', '2026-03-20 03:02:15'),
(176, 'Anonymous', '2001:4451:4743:d700:e102:e0d8:ac54:c32b', 'Mozilla/5.0 (Windows NT 10.0; Win64; x64) AppleWebKit/537.36 (KHTML, like Gecko) Chrome/146.0.0.0 Safari/537.36', 'CRM Checklist', '2026-03-20 03:08:09'),
(177, 'Anonymous', '136.158.29.157', 'Mozilla/5.0 (Windows NT 10.0; Win64; x64) AppleWebKit/537.36 (KHTML, like Gecko) Chrome/146.0.0.0 Safari/537.36', 'CRM Checklist', '2026-03-20 04:14:16'),
(178, 'Anonymous', '38.54.80.176', 'Mozilla/5.0 (Windows NT 10.0; Win64; x64) AppleWebKit/537.36 (KHTML, like Gecko) Chrome/146.0.0.0 Safari/537.36', 'CRM Checklist', '2026-03-20 06:32:25'),
(179, 'Anonymous', '136.158.29.157', 'Mozilla/5.0 (Windows NT 10.0; Win64; x64) AppleWebKit/537.36 (KHTML, like Gecko) Chrome/146.0.0.0 Safari/537.36', 'CRM Checklist', '2026-03-23 00:18:15'),
(180, 'Anonymous', '136.158.29.157', 'Mozilla/5.0 (Windows NT 10.0; Win64; x64) AppleWebKit/537.36 (KHTML, like Gecko) Chrome/146.0.0.0 Safari/537.36', 'CRM Checklist', '2026-03-23 00:56:26'),
(181, 'Anonymous', '136.158.29.157', 'Mozilla/5.0 (Windows NT 10.0; Win64; x64) AppleWebKit/537.36 (KHTML, like Gecko) Chrome/146.0.0.0 Safari/537.36', 'CRM Checklist', '2026-03-23 01:06:44'),
(182, 'Anonymous', '136.158.29.157', 'Mozilla/5.0 (Windows NT 10.0; Win64; x64) AppleWebKit/537.36 (KHTML, like Gecko) Chrome/146.0.0.0 Safari/537.36', 'CRM Checklist', '2026-03-27 02:37:04'),
(183, 'Anonymous', '136.158.29.157', 'Mozilla/5.0 (Windows NT 10.0; Win64; x64) AppleWebKit/537.36 (KHTML, like Gecko) Chrome/146.0.0.0 Safari/537.36', 'CRM Checklist', '2026-03-29 23:01:42'),
(184, 'Anonymous', '136.158.29.157', 'Mozilla/5.0 (Windows NT 10.0; Win64; x64) AppleWebKit/537.36 (KHTML, like Gecko) Chrome/146.0.0.0 Safari/537.36', 'CRM Checklist', '2026-03-30 23:24:13'),
(185, 'Anonymous', '136.158.41.214', 'Mozilla/5.0 (Windows NT 10.0; Win64; x64) AppleWebKit/537.36 (KHTML, like Gecko) Chrome/146.0.0.0 Safari/537.36', 'CRM Checklist', '2026-03-30 23:28:17'),
(186, 'Anonymous', '136.158.29.157', 'Mozilla/5.0 (Windows NT 10.0; Win64; x64) AppleWebKit/537.36 (KHTML, like Gecko) Chrome/146.0.0.0 Safari/537.36', 'CRM Checklist', '2026-04-01 02:23:05'),
(187, 'Anonymous', '136.158.0.68', 'Mozilla/5.0 (Windows NT 10.0; Win64; x64) AppleWebKit/537.36 (KHTML, like Gecko) Chrome/147.0.0.0 Safari/537.36', 'CRM Checklist', '2026-04-12 05:28:07'),
(188, 'Anonymous', '136.158.0.68', 'Mozilla/5.0 (Windows NT 10.0; Win64; x64) AppleWebKit/537.36 (KHTML, like Gecko) Chrome/147.0.0.0 Safari/537.36', 'CRM Checklist', '2026-04-12 06:11:07'),
(189, 'Anonymous', '136.158.41.214', 'Mozilla/5.0 (Windows NT 10.0; Win64; x64) AppleWebKit/537.36 (KHTML, like Gecko) Chrome/147.0.0.0 Safari/537.36', 'CRM Checklist', '2026-04-23 03:32:01'),
(190, 'Anonymous', '136.158.1.117', 'Mozilla/5.0 (Windows NT 10.0; Win64; x64) AppleWebKit/537.36 (KHTML, like Gecko) Chrome/147.0.0.0 Safari/537.36', 'CRM Checklist', '2026-04-23 04:12:29'),
(191, 'Anonymous', '136.158.41.214', 'Mozilla/5.0 (Windows NT 10.0; Win64; x64) AppleWebKit/537.36 (KHTML, like Gecko) Chrome/147.0.0.0 Safari/537.36', 'CRM Checklist', '2026-04-23 04:13:28'),
(192, 'Anonymous', '136.158.41.214', 'Mozilla/5.0 (Windows NT 10.0; Win64; x64) AppleWebKit/537.36 (KHTML, like Gecko) Chrome/147.0.0.0 Safari/537.36', 'CRM Checklist', '2026-04-23 04:14:58'),
(193, 'Anonymous', '136.158.1.117', 'Mozilla/5.0 (Windows NT 10.0; Win64; x64) AppleWebKit/537.36 (KHTML, like Gecko) Chrome/147.0.0.0 Safari/537.36', 'CRM Checklist', '2026-04-23 04:23:41'),
(194, 'Anonymous', '136.158.41.214', 'Mozilla/5.0 (Windows NT 10.0; Win64; x64) AppleWebKit/537.36 (KHTML, like Gecko) Chrome/147.0.0.0 Safari/537.36', 'CRM Checklist', '2026-04-23 04:57:19'),
(195, 'Anonymous', '136.158.1.117', 'Mozilla/5.0 (Windows NT 10.0; Win64; x64) AppleWebKit/537.36 (KHTML, like Gecko) Chrome/147.0.0.0 Safari/537.36', 'CRM Checklist', '2026-04-23 23:00:53'),
(196, 'Anonymous', '136.158.41.214', 'Mozilla/5.0 (Windows NT 10.0; Win64; x64) AppleWebKit/537.36 (KHTML, like Gecko) Chrome/147.0.0.0 Safari/537.36', 'CRM Checklist', '2026-04-23 23:09:25'),
(197, 'Anonymous', '136.158.41.214', 'Mozilla/5.0 (Windows NT 10.0; Win64; x64) AppleWebKit/537.36 (KHTML, like Gecko) Chrome/147.0.0.0 Safari/537.36', 'CRM Checklist', '2026-04-24 00:30:28'),
(198, 'Anonymous', '136.158.41.214', 'Mozilla/5.0 (Windows NT 10.0; Win64; x64) AppleWebKit/537.36 (KHTML, like Gecko) Chrome/147.0.0.0 Safari/537.36', 'CRM Checklist', '2026-04-24 00:32:28'),
(199, 'Anonymous', '136.158.41.214', 'Mozilla/5.0 (Windows NT 10.0; Win64; x64) AppleWebKit/537.36 (KHTML, like Gecko) Chrome/147.0.0.0 Safari/537.36', 'CRM Checklist', '2026-04-24 00:48:26'),
(200, 'Anonymous', '136.158.41.214', 'Mozilla/5.0 (Windows NT 10.0; Win64; x64) AppleWebKit/537.36 (KHTML, like Gecko) Chrome/147.0.0.0 Safari/537.36', 'CRM Checklist', '2026-04-24 01:27:16'),
(201, 'Anonymous', '136.158.41.214', 'Mozilla/5.0 (Windows NT 10.0; Win64; x64) AppleWebKit/537.36 (KHTML, like Gecko) Chrome/147.0.0.0 Safari/537.36', 'CRM Checklist', '2026-04-24 02:05:57'),
(202, 'Anonymous', '136.158.41.214', 'Mozilla/5.0 (Windows NT 10.0; Win64; x64) AppleWebKit/537.36 (KHTML, like Gecko) Chrome/147.0.0.0 Safari/537.36', 'CRM Checklist', '2026-04-24 02:10:14'),
(203, 'Anonymous', '136.158.41.214', 'Mozilla/5.0 (Windows NT 10.0; Win64; x64) AppleWebKit/537.36 (KHTML, like Gecko) Chrome/147.0.0.0 Safari/537.36', 'CRM Checklist', '2026-04-24 02:51:30'),
(204, 'Anonymous', '136.158.41.214', 'Mozilla/5.0 (Windows NT 10.0; Win64; x64) AppleWebKit/537.36 (KHTML, like Gecko) Chrome/147.0.0.0 Safari/537.36', 'CRM Checklist', '2026-04-24 03:15:05'),
(205, 'Anonymous', '136.158.41.214', 'Mozilla/5.0 (Windows NT 10.0; Win64; x64) AppleWebKit/537.36 (KHTML, like Gecko) Chrome/147.0.0.0 Safari/537.36', 'CRM Checklist', '2026-04-24 03:39:23'),
(206, 'Anonymous', '136.158.41.214', 'Mozilla/5.0 (Windows NT 10.0; Win64; x64) AppleWebKit/537.36 (KHTML, like Gecko) Chrome/147.0.0.0 Safari/537.36', 'CRM Checklist', '2026-04-24 03:42:31'),
(207, 'Anonymous', '136.158.1.117', 'Mozilla/5.0 (Windows NT 10.0; Win64; x64) AppleWebKit/537.36 (KHTML, like Gecko) Chrome/147.0.0.0 Safari/537.36', 'CRM Checklist', '2026-04-25 00:05:41'),
(208, 'Anonymous', '136.158.41.214', 'Mozilla/5.0 (Windows NT 10.0; Win64; x64) AppleWebKit/537.36 (KHTML, like Gecko) Chrome/147.0.0.0 Safari/537.36', 'CRM Checklist', '2026-04-25 01:31:55'),
(209, 'Anonymous', '136.158.41.214', 'Mozilla/5.0 (Windows NT 10.0; Win64; x64) AppleWebKit/537.36 (KHTML, like Gecko) Chrome/147.0.0.0 Safari/537.36', 'CRM Checklist', '2026-04-25 02:16:11'),
(210, 'Anonymous', '136.158.41.214', 'Mozilla/5.0 (Windows NT 10.0; Win64; x64) AppleWebKit/537.36 (KHTML, like Gecko) Chrome/147.0.0.0 Safari/537.36', 'CRM Checklist', '2026-04-25 02:32:39'),
(211, 'Anonymous', '112.203.172.178', 'Mozilla/5.0 (Windows NT 10.0; Win64; x64) AppleWebKit/537.36 (KHTML, like Gecko) Chrome/147.0.0.0 Safari/537.36', 'CRM Checklist', '2026-04-25 09:45:59'),
(212, 'Anonymous', '136.158.1.117', 'Mozilla/5.0 (Windows NT 10.0; Win64; x64) AppleWebKit/537.36 (KHTML, like Gecko) Chrome/147.0.0.0 Safari/537.36', 'CRM Checklist', '2026-04-25 09:46:36');

-- --------------------------------------------------------

--
-- Table structure for table `workflow_gaps`
--

CREATE TABLE `workflow_gaps` (
  `id` int(11) NOT NULL,
  `workflow` varchar(255) NOT NULL,
  `gap` varchar(100) NOT NULL,
  `from_item` varchar(255) NOT NULL,
  `to_item` varchar(255) NOT NULL,
  `selected_count` int(11) DEFAULT 0,
  `saved_at` datetime DEFAULT current_timestamp()
) ENGINE=InnoDB DEFAULT CHARSET=utf8mb4 COLLATE=utf8mb4_general_ci;

--
-- Dumping data for table `workflow_gaps`
--

INSERT INTO `workflow_gaps` (`id`, `workflow`, `gap`, `from_item`, `to_item`, `selected_count`, `saved_at`) VALUES
(3, 'SOBOBA Gifting Activate/Reminder Automated', '72hrs 30mins', 'W/U Text SOB-0426CT Seq 1', 'Rem1 Call SOB-0426CT', 5, '2026-03-16 06:59:35'),
(4, 'JACKSON Gifting Activate/Reminder Automated', '96hrs 30mins', 'W/U Text JKN-0426CT Seq 1', 'Rem1 Call JKN-0426CT', 6, '2026-03-16 07:02:43'),
(5, 'PAUMA Gifting Activate/Reminder Automated', '72hrs 30mins', 'W/U Text PMA-0426CT Seq 1', 'Rem1 Call PMA-0426CT', 5, '2026-03-16 07:03:35'),
(6, 'PARAGON Gifting Activate/Reminder Automated', '72hrs 30mins', 'WU Text PGN-0426CT Seq 1', 'Rem1 Call PGN-0426CT (All)', 5, '2026-03-16 08:06:07'),
(9, 'OHKAY Gifting Activate/Reminder Automated', '48hrs 30mins', 'W/U Text OK-0426CT Seq 1', 'Full Seq 3 OK-0426CT Seq 3', 5, '2026-03-19 04:10:15'),
(10, 'GUN LAKE Gifting Activate/Reminder Automated', '72hrs 30mins', 'W/U Text-GUN0426CT Seq 1', 'Rem Call-GUN0426CT Wk 1', 5, '2026-03-23 01:01:46'),
(11, 'SOBOBA Gifting Activate/Reminder Automated', '72hrs 30mins', 'W/U Text SOB-0526CT Seq 1', 'Rem1 Call SOB-0526CT', 2, '2026-04-12 05:47:59'),
(12, 'PARAGON Gifting Activate/Reminder Automated', '72hrs 30mins', 'WU Text PGN-0526CT Seq 1', 'Rem1 Call PGN-0526CT', 2, '2026-04-12 06:12:00'),
(13, 'PAUMA Gifting Activate/Reminder Automated', '72hrs 30mins', 'W/U Text PMA-0526CT Seq 1', 'Rem1 Call PMA-0526CT', 2, '2026-04-12 06:58:05'),
(14, 'SEMINOLE Gifting Activate/Reminder Automated', '120hrs / 5d 0hrs 30mins', 'W/U Text SEM-0526CT Seq 1', 'Rem Call 1 SEM-0526CT', 2, '2026-04-12 07:13:13'),
(15, 'ANGEL Gifting Activate/Reminder Automated', '72hrs 30mins', 'W/U Text AOTW-0526CT Seq 1', 'Rem1 Call AOTW-0526CT', 2, '2026-04-24 00:14:05'),
(16, 'INDIGO SKY Gifting Activate/Reminder Automated', '89hrs 30mins', 'W/U Text IND-0526CT Seq 1', 'Rem1 Text1 IND-0526CT', 6, '2026-04-24 00:14:50'),
(17, 'TWOKINGS Gifting Activate/Reminder Automated', '96hrs 30mins', 'W/U Text-TK 0526CT-Seq 1', 'Rem1 Call 1-TK 0526CT', 4, '2026-04-24 02:00:29'),
(18, 'SEMINOLE MAY CONTINUE Gifting Activate/Reminder Automated', '72hrs 30mins', 'W/U Text SEM-0526CT Seq 1', 'Spec Text 2 SEM-0526CT Seq 4', 5, '2026-04-24 03:07:10'),
(19, 'PAUMA MAY CONTINUE Gifting Activate/Reminder Automated', '72hrs 30mins', 'W/U Text PMA-0526CT Seq 1', 'Rem1 Call PMA-0526CT', 5, '2026-04-24 05:00:09'),
(20, 'PARAGON Gifting Activate/Reminder Automated', '72hrs 30mins', 'WU Text PGN-0526CT Seq 1', 'Rem1 Call PGN-0526CT', 2, '2026-04-25 01:13:57'),
(21, 'SOBOBA MAY Gifting Activate/Reminder Automated', '72hrs 30mins', 'W/U Text SOB-0526CT Seq 1', 'Rem1 Call SOB-0526CT', 5, '2026-04-25 02:54:18');

--
-- Indexes for dumped tables
--

--
-- Indexes for table `batches`
--
ALTER TABLE `batches`
  ADD PRIMARY KEY (`id`);

--
-- Indexes for table `batch_tags`
--
ALTER TABLE `batch_tags`
  ADD PRIMARY KEY (`id`),
  ADD UNIQUE KEY `unique_batch_tag` (`batch_id`,`tag_id`),
  ADD KEY `tag_id` (`tag_id`);

--
-- Indexes for table `items`
--
ALTER TABLE `items`
  ADD PRIMARY KEY (`id`),
  ADD KEY `idx_items_batch` (`batch_id`),
  ADD KEY `idx_items_date` (`item_date`,`item_time`);

--
-- Indexes for table `tags`
--
ALTER TABLE `tags`
  ADD PRIMARY KEY (`id`),
  ADD UNIQUE KEY `name` (`name`);

--
-- Indexes for table `users`
--
ALTER TABLE `users`
  ADD PRIMARY KEY (`id`),
  ADD UNIQUE KEY `email` (`email`);

--
-- Indexes for table `visitors`
--
ALTER TABLE `visitors`
  ADD PRIMARY KEY (`id`);

--
-- Indexes for table `workflow_gaps`
--
ALTER TABLE `workflow_gaps`
  ADD PRIMARY KEY (`id`);

--
-- AUTO_INCREMENT for dumped tables
--

--
-- AUTO_INCREMENT for table `batches`
--
ALTER TABLE `batches`
  MODIFY `id` int(11) NOT NULL AUTO_INCREMENT, AUTO_INCREMENT=55;

--
-- AUTO_INCREMENT for table `batch_tags`
--
ALTER TABLE `batch_tags`
  MODIFY `id` int(11) NOT NULL AUTO_INCREMENT, AUTO_INCREMENT=143;

--
-- AUTO_INCREMENT for table `items`
--
ALTER TABLE `items`
  MODIFY `id` int(11) NOT NULL AUTO_INCREMENT, AUTO_INCREMENT=13104;

--
-- AUTO_INCREMENT for table `tags`
--
ALTER TABLE `tags`
  MODIFY `id` int(11) NOT NULL AUTO_INCREMENT, AUTO_INCREMENT=13;

--
-- AUTO_INCREMENT for table `users`
--
ALTER TABLE `users`
  MODIFY `id` int(11) NOT NULL AUTO_INCREMENT, AUTO_INCREMENT=3;

--
-- AUTO_INCREMENT for table `visitors`
--
ALTER TABLE `visitors`
  MODIFY `id` int(11) NOT NULL AUTO_INCREMENT, AUTO_INCREMENT=213;

--
-- AUTO_INCREMENT for table `workflow_gaps`
--
ALTER TABLE `workflow_gaps`
  MODIFY `id` int(11) NOT NULL AUTO_INCREMENT, AUTO_INCREMENT=22;

--
-- Constraints for dumped tables
--

--
-- Constraints for table `batch_tags`
--
ALTER TABLE `batch_tags`
  ADD CONSTRAINT `batch_tags_ibfk_1` FOREIGN KEY (`batch_id`) REFERENCES `batches` (`id`) ON DELETE CASCADE,
  ADD CONSTRAINT `batch_tags_ibfk_2` FOREIGN KEY (`tag_id`) REFERENCES `tags` (`id`) ON DELETE CASCADE;

--
-- Constraints for table `items`
--
ALTER TABLE `items`
  ADD CONSTRAINT `items_ibfk_1` FOREIGN KEY (`batch_id`) REFERENCES `batches` (`id`) ON DELETE CASCADE;
COMMIT;

/*!40101 SET CHARACTER_SET_CLIENT=@OLD_CHARACTER_SET_CLIENT */;
/*!40101 SET CHARACTER_SET_RESULTS=@OLD_CHARACTER_SET_RESULTS */;
/*!40101 SET COLLATION_CONNECTION=@OLD_COLLATION_CONNECTION */;
